EmployeeID,HireDate,TerminationDate,EmploymentStatus,Department,JobTitle,JobLevel,Location,WorkMode,EmploymentType,FTE,Gender,BirthDate,Age,AgeBand,AnnualBaseSalaryCAD,PerformanceRating,EngagementScore,TrainingHoursLast12M,LastPromotionDate,ManagerGroup,TerminationReason
E00001,2022-05-21,,Active,Marketing,"Director, Marketing",L5,"Toronto, ON",Remote,Full-time,1.0,Male,1974-10-18,51,50-59,154500,2,73,31.6,2025-10-19,MAR-MGR-04,
E00002,2022-12-04,2025-10-06,Terminated,Customer Success,Customer Success Specialist,L2,"Toronto, ON",Remote,Full-time,1.0,Male,1990-12-01,35,30-39,58000,3,93,37.4,2025-10-22,CUS-MGR-09,Involuntary - Restructuring
E00003,2024-08-15,,Active,Engineering,Software Developer,L2,"Calgary, AB",Hybrid,Full-time,1.0,Prefer not to say,1981-11-04,44,40-49,72500,3,83,32.2,2025-10-28,ENG-MGR-05,
E00004,2022-05-03,,Active,Engineering,Software Developer,L2,"Vancouver, BC",Remote,Full-time,1.0,Female,1990-09-19,35,30-39,70500,3,78,29.5,,ENG-MGR-11,
E00005,2024-08-02,,Active,Engineering,Software Developer,L2,"Ottawa, ON",Hybrid,Full-time,1.0,Male,1991-08-12,34,30-39,75500,3,94,31.9,,ENG-MGR-04,
E00006,2023-01-29,,Active,Finance,Senior Financial Analyst,L3,"Montreal, QC",Remote,Full-time,1.0,Male,1984-05-11,42,40-49,96500,4,58,8.4,,FIN-MGR-04,
E00007,2019-05-04,,Active,Operations,Operations Specialist,L2,"Ottawa, ON",Hybrid,Full-time,1.0,Male,1981-06-12,45,40-49,56500,4,60,38.4,,OPE-MGR-08,
E00008,2025-08-20,,Active,Sales,Senior Sales Operations Analyst,L3,"Calgary, AB",Hybrid,Full-time,1.0,Female,1987-05-12,39,30-39,82500,3,60,0,,SAL-MGR-05,
E00009,2020-07-16,,Active,Sales,Account Executive,L2,"Calgary, AB",Hybrid,Full-time,1.0,Male,1987-04-11,39,30-39,70500,3,77,18.7,,SAL-MGR-01,
E00010,2019-12-17,,Active,Marketing,Marketing Analyst,L2,Remote - Canada,Remote,Full-time,1.0,Male,1980-03-14,46,40-49,57000,2,88,25.0,,MAR-MGR-01,
E00011,2024-05-10,,Active,Human Resources,"Director, People & Culture",L5,"Calgary, AB",On-site,Full-time,1.0,Male,1983-10-05,42,40-49,153000,2,81,35.1,,HUM-MGR-10,
E00012,2026-04-02,,Active,Operations,Operations Manager,L4,"Toronto, ON",Hybrid,Full-time,1.0,Non-binary,1986-06-05,40,40-49,115000,4,56,16.8,,OPE-MGR-08,
E00013,2026-04-10,,Active,Engineering,"VP, Engineering",L6,"Toronto, ON",Hybrid,Full-time,1.0,Prefer not to say,1979-02-07,47,40-49,215500,4,51,23.2,,ENG-MGR-12,
E00014,2019-03-03,,Active,Engineering,Software Developer,L2,"Toronto, ON",Hybrid,Full-time,1.0,Female,1985-07-19,41,40-49,82500,3,62,19.6,,ENG-MGR-04,
E00015,2026-02-06,,Active,Human Resources,HR Analyst,L2,"Montreal, QC",Remote,Full-time,1.0,Male,1997-02-28,29,<30,72000,3,66,33.2,,HUM-MGR-01,
E00016,2025-03-23,2025-10-11,Terminated,Engineering,Analytics Lead,L4,"Toronto, ON",Hybrid,Full-time,1.0,Female,1975-04-24,51,50-59,148500,5,58,27.2,,ENG-MGR-11,Voluntary - Work-Life Balance
E00017,2021-10-25,,Active,Customer Success,Customer Success Coordinator,L1,"Calgary, AB",Remote,Full-time,1.0,Male,1987-06-02,39,30-39,51500,2,82,14.2,,CUS-MGR-05,
E00018,2024-10-25,,Active,Engineering,Junior Software Developer,L1,"Toronto, ON",On-site,Full-time,1.0,Female,1989-12-17,36,30-39,56500,3,79,0,,ENG-MGR-09,
E00019,2019-06-07,,Active,Engineering,Data Analyst,L2,"Toronto, ON",Hybrid,Full-time,1.0,Male,1987-01-18,39,30-39,72000,4,68,16.5,2021-01-23,ENG-MGR-10,
E00020,2025-02-21,,Active,Legal & Compliance,Senior Compliance Analyst,L3,"Toronto, ON",Hybrid,Part-time,0.6,Prefer not to say,1994-01-26,32,30-39,53500,4,73,40.2,,LEG-MGR-11,
E00021,2020-04-22,,Active,Operations,Operations Coordinator,L1,"Vancouver, BC",Remote,Contract,1.0,Female,1995-05-07,31,30-39,50500,4,68,16.2,,OPE-MGR-01,
E00022,2025-08-04,,Active,Customer Success,Senior Customer Success Manager,L3,"Montreal, QC",Remote,Full-time,1.0,Male,1997-03-13,29,<30,81500,5,82,17.1,,CUS-MGR-12,
E00023,2023-04-30,,Active,Engineering,Data Analyst,L2,"Toronto, ON",Hybrid,Full-time,1.0,Male,1990-03-08,36,30-39,73000,3,79,39.3,2026-03-15,ENG-MGR-06,
E00024,2020-12-13,,Active,Marketing,Senior Marketing Analyst,L3,"Toronto, ON",Hybrid,Full-time,1.0,Male,1984-01-25,42,40-49,86500,4,66,21.8,,MAR-MGR-07,
E00025,2024-04-01,,Active,Operations,Operations Coordinator,L1,"Montreal, QC",Hybrid,Full-time,1.0,Male,1997-12-20,28,<30,43000,4,87,25.2,,OPE-MGR-03,
E00026,2023-10-31,,Active,Customer Success,Customer Success Specialist,L2,"Vancouver, BC",Hybrid,Full-time,1.0,Female,1996-07-04,30,30-39,69500,3,73,43.9,2026-06-04,CUS-MGR-11,
E00027,2025-04-17,,Active,Operations,Operations Manager,L4,"Ottawa, ON",Hybrid,Full-time,1.0,Female,1979-07-13,47,40-49,98500,3,85,6.4,,OPE-MGR-07,
E00028,2023-02-20,,Active,Marketing,Marketing Analyst,L2,"Toronto, ON",Remote,Full-time,1.0,Female,1993-09-11,32,30-39,72500,3,78,31.5,,MAR-MGR-03,
E00029,2020-11-20,,Active,Marketing,Marketing Coordinator,L1,"Vancouver, BC",Remote,Full-time,1.0,Male,1986-06-01,40,40-49,58000,5,80,14.3,2025-06-08,MAR-MGR-09,
E00030,2023-09-22,,Active,Sales,Sales Operations Manager,L4,Remote - Canada,Remote,Full-time,1.0,Male,1976-08-11,49,40-49,125500,1,96,25.9,,SAL-MGR-01,
E00031,2025-09-08,,Active,Sales,Senior Account Executive,L3,"Vancouver, BC",Hybrid,Part-time,0.6,Female,1996-08-01,29,<30,51000,4,79,21.7,,SAL-MGR-01,
E00032,2022-07-31,,Active,Engineering,Junior Software Developer,L1,"Calgary, AB",Hybrid,Full-time,1.0,Female,1999-12-08,26,<30,51500,3,54,11.7,,ENG-MGR-12,
E00033,2022-01-02,,Active,Marketing,Marketing Specialist,L2,"Toronto, ON",Hybrid,Part-time,0.6,Female,1987-08-01,38,30-39,42500,3,76,22.3,,MAR-MGR-12,
E00034,2018-08-08,,Active,Engineering,Senior Data Analyst,L3,"Calgary, AB",Hybrid,Full-time,1.0,Male,1980-06-12,46,40-49,105500,4,77,31.4,,ENG-MGR-06,
E00035,2025-02-08,,Active,Customer Success,Senior Customer Success Manager,L3,"Vancouver, BC",Hybrid,Contract,1.0,Female,1986-02-19,40,40-49,98500,2,61,24.6,,CUS-MGR-05,
E00036,2025-06-01,,Active,Engineering,Data Analyst,L2,"Montreal, QC",Hybrid,Full-time,1.0,Female,1995-04-09,31,30-39,78000,3,82,16.7,,ENG-MGR-01,
E00037,2023-09-28,,Active,Engineering,Analytics Lead,L4,"Vancouver, BC",Hybrid,Full-time,1.0,Female,1982-07-04,44,40-49,138000,2,81,21.1,,ENG-MGR-03,
E00038,2025-02-03,,Active,Engineering,Engineering Manager,L4,"Toronto, ON",Remote,Full-time,1.0,Male,1989-08-20,36,30-39,139500,4,76,19.7,,ENG-MGR-07,
E00039,2022-08-17,,Active,Engineering,Data Analyst,L1,"Montreal, QC",Hybrid,Full-time,1.0,Male,1996-10-24,29,<30,59500,3,87,29.9,2024-01-14,ENG-MGR-08,
E00040,2020-02-27,,Active,Sales,Sales Operations Manager,L4,"Toronto, ON",Remote,Full-time,1.0,Male,1990-07-22,36,30-39,123500,4,66,9.7,2025-03-12,SAL-MGR-06,
E00041,2025-08-17,,Active,Engineering,Senior Data Analyst,L3,"Ottawa, ON",Remote,Full-time,1.0,Female,1993-06-11,33,30-39,108000,5,87,48.8,,ENG-MGR-08,
E00042,2025-10-07,,Active,Engineering,Data Analyst,L1,"Toronto, ON",Hybrid,Full-time,1.0,Male,2003-01-10,23,<30,50500,3,88,23.8,,ENG-MGR-11,
E00043,2026-04-18,,Active,Operations,Operations Analyst,L2,"Vancouver, BC",Remote,Full-time,1.0,Female,1988-01-13,38,30-39,73000,4,75,19.8,,OPE-MGR-05,
E00044,2024-07-29,,Active,Engineering,Software Developer,L2,"Toronto, ON",Hybrid,Full-time,1.0,Female,1986-07-13,40,40-49,85500,5,74,0.9,2025-09-26,ENG-MGR-12,
E00045,2025-07-25,,Active,Operations,Operations Analyst,L2,"Vancouver, BC",Hybrid,Full-time,1.0,Male,1998-09-28,27,<30,60000,3,71,16.0,,OPE-MGR-06,
E00046,2018-05-17,,Active,Sales,Senior Account Executive,L3,"Toronto, ON",On-site,Full-time,1.0,Male,1984-06-21,42,40-49,95500,3,79,23.8,2022-01-14,SAL-MGR-07,
E00047,2020-04-11,,Active,Operations,Operations Specialist,L2,"Toronto, ON",Hybrid,Full-time,1.0,Male,1978-07-10,48,40-49,67000,3,63,25.5,,OPE-MGR-04,
E00048,2020-07-19,,Active,Legal & Compliance,Compliance Manager,L4,"Vancouver, BC",Hybrid,Full-time,1.0,Male,1978-05-10,48,40-49,126000,2,68,24.7,2024-11-12,LEG-MGR-11,
E00049,2026-03-23,,Active,Operations,"VP, Operations",L6,Remote - Canada,Remote,Full-time,1.0,Female,1977-06-24,49,40-49,190000,5,81,5.0,,OPE-MGR-12,
E00050,2024-03-05,2026-03-25,Terminated,Sales,Account Executive,L2,"Toronto, ON",Hybrid,Full-time,1.0,Male,1982-11-26,43,40-49,80500,4,72,15.4,,SAL-MGR-10,Voluntary - Career Opportunity
E00051,2023-09-27,,Active,Sales,Senior Sales Operations Analyst,L3,"Montreal, QC",Hybrid,Full-time,1.0,Male,1977-10-04,48,40-49,89500,5,73,42.9,,SAL-MGR-07,
E00052,2025-01-08,,Active,Operations,Senior Operations Specialist,L3,"Montreal, QC",Hybrid,Full-time,1.0,Female,1994-01-25,32,30-39,78500,3,68,18.4,,OPE-MGR-05,
E00053,2024-07-18,,Active,Engineering,Analytics Lead,L4,"Toronto, ON",Remote,Full-time,1.0,Male,1980-10-04,45,40-49,122500,3,69,27.7,,ENG-MGR-02,
E00054,2024-11-08,,Active,Engineering,Senior Software Developer,L3,"Toronto, ON",Remote,Full-time,1.0,Male,1986-08-21,39,30-39,99000,3,88,28.3,,ENG-MGR-12,
E00055,2021-07-08,,Active,Engineering,Analytics Lead,L4,"Toronto, ON",Hybrid,Full-time,1.0,Male,1984-03-05,42,40-49,132000,4,72,35.6,,ENG-MGR-01,
E00056,2021-02-27,,Active,Sales,Sales Operations Manager,L4,"Montreal, QC",Hybrid,Full-time,1.0,Female,1978-01-01,48,40-49,106500,3,56,13.6,,SAL-MGR-05,
E00057,2024-09-03,,Active,Legal & Compliance,Senior Compliance Analyst,L3,"Vancouver, BC",Remote,Full-time,1.0,Non-binary,1994-06-01,32,30-39,90000,3,76,32.2,,LEG-MGR-01,
E00058,2026-04-11,,Active,Engineering,Analytics Lead,L4,"Toronto, ON",On-site,Part-time,0.6,Female,1986-06-08,40,40-49,83500,4,89,35.8,,ENG-MGR-08,
E00059,2022-01-21,2026-01-05,Terminated,Operations,Senior Operations Specialist,L3,"Toronto, ON",Hybrid,Full-time,1.0,Female,1990-07-18,36,30-39,95000,5,87,36.9,,OPE-MGR-12,Retirement
E00060,2026-06-02,,Active,Engineering,Senior Data Analyst,L3,"Calgary, AB",Hybrid,Full-time,1.0,Male,1984-04-02,42,40-49,98500,2,83,20.1,,ENG-MGR-09,
E00061,2025-02-15,,Active,Engineering,Data Analyst,L2,"Toronto, ON",On-site,Part-time,0.6,Male,1995-03-08,31,30-39,51000,3,79,24.8,,ENG-MGR-08,
E00062,2019-02-02,,Active,Engineering,Junior Software Developer,L1,"Vancouver, BC",Hybrid,Full-time,1.0,Male,1993-06-25,33,30-39,57000,2,84,32.6,,ENG-MGR-12,
E00063,2024-11-13,2026-07-17,Terminated,Engineering,Software Developer,L2,"Toronto, ON",On-site,Part-time,0.6,Non-binary,1993-03-25,33,30-39,47000,4,80,38.4,,ENG-MGR-02,Voluntary - Career Opportunity
E00064,2022-10-29,,Active,Legal & Compliance,Compliance Analyst,L2,"Vancouver, BC",Remote,Contract,1.0,Male,1992-05-28,34,30-39,79000,5,83,35.1,,LEG-MGR-04,
E00065,2026-06-05,,Active,Customer Success,Customer Success Coordinator,L1,"Vancouver, BC",Remote,Full-time,1.0,Male,1998-04-03,28,<30,51500,2,76,6.9,,CUS-MGR-02,
E00066,2019-04-01,,Active,Operations,Senior Operations Analyst,L3,"Toronto, ON",Hybrid,Full-time,1.0,Male,1984-09-19,41,40-49,86500,3,70,7.0,,OPE-MGR-09,
E00067,2019-09-30,,Active,Engineering,Engineering Manager,L4,"Toronto, ON",Hybrid,Full-time,1.0,Female,1973-02-10,53,50-59,140500,3,78,14.0,,ENG-MGR-02,
E00068,2022-12-04,,Active,Human Resources,HR Coordinator,L1,"Montreal, QC",Remote,Full-time,1.0,Male,1989-06-04,37,30-39,44500,3,76,38.6,,HUM-MGR-02,
E00069,2023-08-20,2024-02-18,Terminated,Sales,Senior Account Executive,L3,"Montreal, QC",Remote,Full-time,1.0,Male,1989-12-16,36,30-39,85500,2,81,21.5,,SAL-MGR-11,Voluntary - Compensation
E00070,2022-10-31,,Active,Marketing,Marketing Specialist,L2,"Calgary, AB",Remote,Part-time,0.6,Male,1982-07-08,44,40-49,42500,1,80,37.1,2024-09-28,MAR-MGR-06,
E00071,2024-05-21,,Active,Engineering,"Director, Engineering",L5,"Montreal, QC",Remote,Full-time,1.0,Male,1985-03-08,41,40-49,179500,3,58,39.6,2026-03-22,ENG-MGR-03,
E00072,2025-08-01,,Active,Customer Success,Senior Customer Success Manager,L3,"Calgary, AB",Remote,Full-time,1.0,Male,1984-01-05,42,40-49,86000,5,86,13.8,,CUS-MGR-12,
E00073,2022-03-05,2024-09-17,Terminated,Sales,Sales Operations Analyst,L2,"Vancouver, BC",On-site,Full-time,1.0,Male,1983-12-02,42,40-49,73500,3,47,22.3,2023-08-09,SAL-MGR-02,Voluntary - Work-Life Balance
E00074,2023-10-22,,Active,Engineering,Junior Software Developer,L1,"Toronto, ON",Hybrid,Full-time,1.0,Male,1993-07-10,33,30-39,56500,3,88,16.0,,ENG-MGR-10,
E00075,2022-12-24,,Active,Operations,Operations Analyst,L2,Remote - Canada,Remote,Full-time,1.0,Male,1985-11-10,40,40-49,67500,2,86,14.5,,OPE-MGR-08,
E00076,2023-05-27,,Active,Customer Success,Customer Success Specialist,L2,"Vancouver, BC",Hybrid,Full-time,1.0,Female,1985-03-04,41,40-49,62500,3,71,15.0,,CUS-MGR-03,
E00077,2021-08-06,,Active,Customer Success,"VP, Customer Success",L6,"Toronto, ON",Remote,Full-time,1.0,Male,1970-04-09,56,50-59,180500,3,71,0,,CUS-MGR-07,
E00078,2025-10-10,,Active,Finance,Financial Analyst,L2,"Montreal, QC",Remote,Full-time,1.0,Female,1986-07-08,40,40-49,68500,4,64,27.7,,FIN-MGR-06,
E00079,2023-06-05,,Active,Customer Success,"Director, Customer Success",L5,"Montreal, QC",Remote,Full-time,1.0,Male,1977-11-19,48,40-49,127500,4,68,22.4,2025-04-11,CUS-MGR-07,
E00080,2022-12-31,,Active,Sales,Sales Manager,L4,"Montreal, QC",On-site,Full-time,1.0,Male,1982-04-13,44,40-49,117500,3,77,32.2,,SAL-MGR-04,
E00081,2023-03-13,,Active,Customer Success,Senior Customer Success Manager,L3,Remote - Canada,Remote,Full-time,1.0,Male,1977-03-27,49,40-49,71500,5,87,5.4,,CUS-MGR-06,
E00082,2023-07-16,,Active,Sales,Senior Account Executive,L3,"Vancouver, BC",Remote,Full-time,1.0,Male,1984-12-12,41,40-49,101000,3,65,15.6,,SAL-MGR-05,
E00083,2022-04-02,,Active,Engineering,Data Analyst,L2,"Vancouver, BC",Remote,Full-time,1.0,Male,1980-10-03,45,40-49,81500,3,96,41.7,,ENG-MGR-07,
E00084,2024-05-09,,Active,Engineering,Software Developer,L2,"Toronto, ON",Hybrid,Part-time,0.6,Female,2000-09-20,25,<30,50000,3,83,25.1,,ENG-MGR-04,
E00085,2023-11-22,,Active,Customer Success,Customer Success Specialist,L2,"Toronto, ON",Remote,Full-time,1.0,Male,1987-01-23,39,30-39,65500,2,77,7.0,,CUS-MGR-10,
E00086,2025-04-01,,Active,Finance,Financial Analyst,L2,"Vancouver, BC",Hybrid,Full-time,1.0,Female,1990-01-04,36,30-39,78000,4,78,50.1,,FIN-MGR-07,
E00087,2022-12-05,,Active,Marketing,Marketing Coordinator,L1,"Toronto, ON",On-site,Full-time,1.0,Prefer not to say,1993-05-28,33,30-39,49500,5,70,19.4,,MAR-MGR-06,
E00088,2022-12-13,,Active,Operations,Operations Manager,L4,"Montreal, QC",Hybrid,Full-time,1.0,Male,1980-12-16,45,40-49,95500,5,77,22.7,,OPE-MGR-08,
E00089,2021-02-26,,Active,Sales,Sales Operations Manager,L4,"Vancouver, BC",Hybrid,Full-time,1.0,Male,1976-05-15,50,50-59,135000,3,86,6.9,,SAL-MGR-08,
E00090,2026-07-17,,Active,Operations,Operations Analyst,L2,"Ottawa, ON",Hybrid,Full-time,1.0,Female,1989-11-16,36,30-39,63500,4,79,46.4,,OPE-MGR-08,
E00091,2023-07-18,,Active,Operations,Operations Specialist,L2,"Toronto, ON",Hybrid,Full-time,1.0,Female,1987-11-11,38,30-39,60500,3,86,30.2,,OPE-MGR-03,
E00092,2021-02-18,,Active,Sales,Sales Development Representative,L1,"Toronto, ON",Hybrid,Full-time,1.0,Male,1995-11-03,30,30-39,56000,5,76,32.1,,SAL-MGR-08,
E00093,2022-10-08,,Active,Sales,Senior Sales Operations Analyst,L3,"Calgary, AB",On-site,Full-time,1.0,Female,1987-07-16,39,30-39,98000,4,78,9.3,,SAL-MGR-12,
E00094,2024-01-06,,Active,Finance,Finance Coordinator,L1,"Toronto, ON",Hybrid,Full-time,1.0,Female,2001-04-08,25,<30,57500,2,74,16.0,,FIN-MGR-02,
E00095,2021-08-15,2025-12-03,Terminated,Customer Success,Customer Success Specialist,L2,"Montreal, QC",Hybrid,Full-time,1.0,Female,1987-08-26,38,30-39,66000,2,80,19.8,,CUS-MGR-08,Voluntary - Compensation
E00096,2024-09-18,,Active,Customer Success,Customer Success Specialist,L2,"Toronto, ON",On-site,Full-time,1.0,Male,1989-05-08,37,30-39,61500,3,91,35.4,,CUS-MGR-07,
E00097,2024-05-31,2025-01-23,Terminated,Sales,Senior Account Executive,L3,"Toronto, ON",Hybrid,Full-time,1.0,Female,1986-02-05,40,40-49,105000,3,73,4.0,,SAL-MGR-03,Voluntary - Career Opportunity
E00098,2025-08-22,,Active,Sales,"Director, Sales",L5,"Vancouver, BC",Hybrid,Full-time,1.0,Female,1981-06-27,45,40-49,164500,5,77,48.0,,SAL-MGR-01,
E00099,2025-08-06,,Active,Legal & Compliance,Compliance Analyst,L2,"Montreal, QC",Hybrid,Full-time,1.0,Male,1983-07-05,43,40-49,63000,3,50,24.2,,LEG-MGR-05,
E00100,2026-04-08,,Active,Customer Success,"VP, Customer Success",L6,"Ottawa, ON",Hybrid,Full-time,1.0,Male,1987-04-12,39,30-39,198000,4,46,39.0,,CUS-MGR-05,
E00101,2021-01-29,,Active,Operations,Operations Manager,L4,"Montreal, QC",Hybrid,Full-time,1.0,Male,1979-10-04,46,40-49,108000,5,74,22.1,2026-06-20,OPE-MGR-02,
E00102,2024-05-16,,Active,Engineering,Senior Engineering Manager,L5,"Toronto, ON",Hybrid,Full-time,1.0,Male,1979-11-15,46,40-49,190500,2,86,26.8,,ENG-MGR-01,
E00103,2026-01-08,,Active,Engineering,Senior Data Analyst,L3,"Vancouver, BC",Hybrid,Full-time,1.0,Female,1993-07-05,33,30-39,112500,4,68,23.7,,ENG-MGR-03,
E00104,2024-05-07,,Active,Engineering,Senior Software Developer,L3,"Vancouver, BC",Hybrid,Full-time,1.0,Female,1989-01-12,37,30-39,100000,3,64,35.2,,ENG-MGR-07,
E00105,2025-10-19,,Active,Human Resources,HR Coordinator,L1,"Toronto, ON",Remote,Part-time,0.6,Male,1996-03-09,30,30-39,30500,3,73,24.6,,HUM-MGR-04,
E00106,2025-02-11,2025-06-12,Terminated,Operations,Senior Operations Analyst,L3,"Montreal, QC",Hybrid,Full-time,1.0,Female,1986-08-16,39,30-39,88500,2,90,25.7,,OPE-MGR-10,Voluntary - Career Opportunity
E00107,2026-07-13,,Active,Sales,Senior Account Executive,L3,"Toronto, ON",Remote,Part-time,0.6,Female,1985-04-18,41,40-49,57000,3,76,30.1,,SAL-MGR-06,
E00108,2021-11-14,,Active,Marketing,Marketing Analyst,L2,"Vancouver, BC",Remote,Full-time,1.0,Female,1986-06-10,40,40-49,66500,5,77,21.5,2024-11-08,MAR-MGR-02,
E00109,2024-01-22,,Active,Sales,Sales Manager,L4,"Toronto, ON",Hybrid,Full-time,1.0,Male,1984-07-12,42,40-49,124000,5,65,25.8,,SAL-MGR-05,
E00110,2020-10-15,,Active,Human Resources,HR Business Partner,L3,"Vancouver, BC",On-site,Full-time,1.0,Female,1982-06-08,44,40-49,102000,4,86,41.6,,HUM-MGR-08,
E00111,2025-12-12,,Active,Engineering,Engineering Manager,L4,"Ottawa, ON",Hybrid,Full-time,1.0,Female,1988-11-13,37,30-39,122500,4,83,34.5,,ENG-MGR-04,
E00112,2024-02-29,,Active,Operations,Operations Manager,L4,"Toronto, ON",Hybrid,Full-time,1.0,Non-binary,1981-02-03,45,40-49,103000,3,86,51.8,,OPE-MGR-05,
E00113,2023-04-11,2025-08-19,Terminated,Sales,Account Executive,L2,"Toronto, ON",On-site,Full-time,1.0,Female,1990-11-26,35,30-39,67000,3,68,24.0,,SAL-MGR-03,Voluntary - Relocation
E00114,2023-09-22,,Active,Engineering,Software Developer,L2,"Calgary, AB",Hybrid,Full-time,1.0,Male,2002-09-24,23,<30,75000,2,56,15.6,2025-05-27,ENG-MGR-05,
E00115,2025-10-06,,Active,Sales,Senior Account Executive,L3,"Montreal, QC",Hybrid,Full-time,1.0,Male,1991-06-18,35,30-39,84000,5,83,30.6,,SAL-MGR-01,
E00116,2026-07-11,,Active,Marketing,Senior Marketing Analyst,L3,"Toronto, ON",Hybrid,Full-time,1.0,Female,1992-01-04,34,30-39,79500,3,65,20.5,,MAR-MGR-09,
E00117,2025-04-28,,Active,Engineering,Data Analyst,L2,"Vancouver, BC",On-site,Full-time,1.0,Male,1992-11-04,33,30-39,81500,4,68,23.1,,ENG-MGR-06,
E00118,2025-02-08,,Active,Engineering,Junior Software Developer,L1,"Toronto, ON",On-site,Full-time,1.0,Male,1994-10-02,31,30-39,56000,3,90,10.5,,ENG-MGR-05,
E00119,2023-04-14,,Active,Operations,Operations Coordinator,L1,"Vancouver, BC",Remote,Full-time,1.0,Male,1988-09-22,37,30-39,47000,3,71,22.9,,OPE-MGR-11,
E00120,2026-02-19,,Active,Engineering,Data Analyst,L1,"Toronto, ON",Hybrid,Full-time,1.0,Male,2005-11-21,20,<30,60000,4,76,12.0,,ENG-MGR-06,
E00121,2023-01-16,,Active,Sales,"VP, Sales",L6,"Vancouver, BC",Hybrid,Full-time,1.0,Male,1971-12-10,54,50-59,227500,4,67,22.1,,SAL-MGR-08,
E00122,2026-01-26,,Active,Customer Success,Customer Success Specialist,L2,"Montreal, QC",Hybrid,Full-time,1.0,Male,1997-02-03,29,<30,61000,4,81,29.4,,CUS-MGR-03,
E00123,2026-05-17,,Active,Engineering,Data Analyst,L2,"Montreal, QC",Remote,Full-time,1.0,Non-binary,2000-09-09,25,<30,74500,3,86,27.5,,ENG-MGR-11,
E00124,2026-05-04,,Active,Operations,Operations Specialist,L2,"Toronto, ON",Hybrid,Full-time,1.0,Male,1987-12-10,38,30-39,74000,3,73,33.0,,OPE-MGR-02,
E00125,2023-09-30,,Active,Engineering,Data Engineer,L3,"Calgary, AB",Remote,Full-time,1.0,Female,1982-03-10,44,40-49,103000,4,64,23.0,2025-05-29,ENG-MGR-04,
E00126,2024-06-08,,Active,Operations,Operations Manager,L4,"Toronto, ON",Remote,Full-time,1.0,Female,1993-05-17,33,30-39,108000,4,69,45.1,,OPE-MGR-07,
E00127,2022-08-18,,Active,Finance,"VP, Finance",L6,"Ottawa, ON",Remote,Full-time,1.0,Male,1975-10-07,50,50-59,181500,3,59,42.4,,FIN-MGR-06,
E00128,2018-10-31,,Active,Customer Success,Customer Success Manager,L4,"Vancouver, BC",On-site,Full-time,1.0,Male,1986-05-23,40,40-49,113000,2,75,34.4,,CUS-MGR-10,
E00129,2021-04-12,,Active,Operations,Operations Manager,L4,"Calgary, AB",Hybrid,Full-time,1.0,Male,1978-05-17,48,40-49,122500,3,80,28.5,,OPE-MGR-07,
E00130,2025-04-18,,Active,Marketing,Senior Marketing Specialist,L3,"Ottawa, ON",Hybrid,Full-time,1.0,Non-binary,1987-03-07,39,30-39,89000,2,83,27.2,,MAR-MGR-06,
E00131,2023-04-22,,Active,Engineering,Data Engineer,L3,"Toronto, ON",Hybrid,Full-time,1.0,Female,1990-08-06,35,30-39,104500,3,71,0,,ENG-MGR-12,
E00132,2020-10-23,,Active,Engineering,Senior Data Analyst,L3,"Ottawa, ON",Hybrid,Full-time,1.0,Female,1981-01-02,45,40-49,95500,3,79,37.5,,ENG-MGR-01,
E00133,2022-11-13,,Active,Sales,Sales Operations Analyst,L2,"Toronto, ON",Hybrid,Full-time,1.0,Female,1984-08-11,41,40-49,81500,4,86,42.6,,SAL-MGR-06,
E00134,2026-02-23,,Active,Operations,Senior Operations Specialist,L3,"Calgary, AB",Remote,Full-time,1.0,Female,1994-07-03,32,30-39,75500,3,69,36.9,,OPE-MGR-08,
E00135,2019-10-23,,Active,Engineering,Software Developer,L2,"Montreal, QC",On-site,Full-time,1.0,Male,1989-09-19,36,30-39,65000,4,83,21.4,,ENG-MGR-10,
E00136,2023-07-05,,Active,Operations,Operations Specialist,L2,"Toronto, ON",Remote,Full-time,1.0,Male,1984-08-23,41,40-49,64500,2,69,21.8,,OPE-MGR-12,
E00137,2024-08-26,2026-06-18,Terminated,Operations,Operations Manager,L4,"Toronto, ON",Hybrid,Full-time,1.0,Prefer not to say,1985-03-02,41,40-49,104500,3,86,0.9,,OPE-MGR-05,Voluntary - Career Opportunity
E00138,2020-06-18,,Active,Marketing,"Director, Marketing",L5,"Calgary, AB",Hybrid,Full-time,1.0,Female,1976-11-05,49,40-49,156500,2,83,23.5,,MAR-MGR-01,
E00139,2025-09-30,,Active,Marketing,Marketing Manager,L4,"Montreal, QC",Remote,Full-time,1.0,Male,1980-11-10,45,40-49,102500,4,40,6.6,,MAR-MGR-10,
E00140,2025-01-07,,Active,Customer Success,Customer Success Specialist,L2,"Vancouver, BC",On-site,Full-time,1.0,Female,1993-07-09,33,30-39,67500,2,78,35.4,,CUS-MGR-09,
E00141,2023-12-31,,Active,Customer Success,"Director, Customer Success",L5,"Vancouver, BC",Hybrid,Full-time,1.0,Female,1978-09-06,47,40-49,143000,3,75,14.9,,CUS-MGR-05,
E00142,2025-03-31,,Active,Sales,Sales Development Representative,L1,"Vancouver, BC",Hybrid,Full-time,1.0,Female,2004-01-19,22,<30,58500,2,57,24.2,,SAL-MGR-10,
E00143,2023-12-30,2026-01-22,Terminated,Operations,Operations Coordinator,L1,Remote - Canada,Remote,Part-time,0.6,Male,1997-05-16,29,<30,31000,4,86,27.8,,OPE-MGR-01,Voluntary - Compensation
E00144,2025-12-09,,Active,Customer Success,Senior Customer Success Manager,L3,"Toronto, ON",On-site,Full-time,1.0,Female,1986-02-20,40,40-49,82000,5,82,35.7,,CUS-MGR-05,
E00145,2024-11-15,2025-12-04,Terminated,Engineering,Data Engineer,L3,"Ottawa, ON",Hybrid,Full-time,1.0,Female,1988-06-13,38,30-39,102000,2,76,8.0,2025-12-08,ENG-MGR-09,Voluntary - Career Opportunity
E00146,2024-08-25,,Active,Engineering,Senior Data Analyst,L3,"Montreal, QC",Hybrid,Full-time,1.0,Male,1983-12-27,42,40-49,101500,3,85,21.0,,ENG-MGR-04,
E00147,2021-02-06,,Active,Engineering,Senior Data Analyst,L3,"Toronto, ON",On-site,Full-time,1.0,Female,1978-12-11,47,40-49,99000,3,62,23.1,2026-02-11,ENG-MGR-04,
E00148,2024-04-28,,Active,Engineering,Analytics Lead,L4,"Vancouver, BC",Hybrid,Full-time,1.0,Male,1977-07-13,49,40-49,127500,4,80,36.4,,ENG-MGR-03,
E00149,2026-03-22,2026-07-26,Terminated,Sales,Sales Operations Analyst,L2,Remote - Canada,Remote,Full-time,1.0,Female,1986-06-11,40,40-49,76500,4,72,26.9,,SAL-MGR-12,Voluntary - Work-Life Balance
E00150,2021-05-03,,Active,Sales,Sales Operations Analyst,L2,"Vancouver, BC",Remote,Full-time,1.0,Prefer not to say,1991-10-19,34,30-39,74500,5,74,7.8,,SAL-MGR-08,
E00151,2026-07-21,,Active,Marketing,Marketing Manager,L4,"Toronto, ON",Hybrid,Full-time,1.0,Male,1985-02-24,41,40-49,102000,3,82,39.0,,MAR-MGR-09,
E00152,2023-03-23,,Active,Operations,Senior Operations Analyst,L3,"Vancouver, BC",Hybrid,Full-time,1.0,Female,1982-05-09,44,40-49,79500,4,74,33.7,2025-12-20,OPE-MGR-02,
E00153,2024-12-19,,Active,Human Resources,HR Coordinator,L1,"Calgary, AB",On-site,Full-time,1.0,Male,1988-12-20,37,30-39,46500,5,84,14.2,,HUM-MGR-05,
E00154,2025-03-08,,Active,Finance,"Director, Finance",L5,Remote - Canada,Remote,Full-time,1.0,Male,1975-11-09,50,50-59,161000,3,68,10.9,,FIN-MGR-03,
E00155,2023-08-16,,Active,Sales,Sales Operations Manager,L4,"Montreal, QC",Hybrid,Full-time,1.0,Male,1979-01-17,47,40-49,127500,4,69,40.3,2026-03-07,SAL-MGR-08,
E00156,2026-04-16,,Active,Finance,Financial Analyst,L2,"Toronto, ON",Hybrid,Full-time,1.0,Female,1995-03-09,31,30-39,65500,1,80,9.0,,FIN-MGR-01,
E00157,2023-12-30,,Active,Engineering,Senior Software Developer,L3,"Montreal, QC",On-site,Full-time,1.0,Female,1986-01-20,40,40-49,91500,3,53,26.7,,ENG-MGR-05,
E00158,2018-05-10,,Active,Operations,Operations Analyst,L2,"Ottawa, ON",Hybrid,Full-time,1.0,Female,1985-06-20,41,40-49,64000,3,67,51.7,,OPE-MGR-01,
E00159,2024-06-20,,Active,Marketing,Senior Marketing Analyst,L3,"Vancouver, BC",Hybrid,Full-time,1.0,Female,1997-02-14,29,<30,94500,4,75,52.5,,MAR-MGR-01,
E00160,2021-05-12,,Active,Customer Success,Customer Success Coordinator,L1,"Toronto, ON",Hybrid,Full-time,1.0,Female,1988-08-15,37,30-39,53000,2,72,13.5,,CUS-MGR-06,
E00161,2025-06-21,,Active,Legal & Compliance,Senior Compliance Analyst,L3,"Montreal, QC",Remote,Full-time,1.0,Male,1987-02-15,39,30-39,92000,4,68,9.7,,LEG-MGR-09,
E00162,2024-08-02,,Active,Engineering,Data Analyst,L1,"Montreal, QC",Remote,Full-time,1.0,Female,1991-11-25,34,30-39,49000,3,63,14.1,,ENG-MGR-08,
E00163,2026-06-02,,Active,Operations,Senior Operations Specialist,L3,Remote - Canada,Remote,Full-time,1.0,Male,1984-05-10,42,40-49,91000,3,82,27.9,,OPE-MGR-07,
E00164,2025-01-21,2026-02-10,Terminated,Sales,Senior Sales Operations Analyst,L3,"Toronto, ON",Hybrid,Part-time,0.6,Female,1990-06-16,36,30-39,63000,4,74,33.2,,SAL-MGR-10,Involuntary - Performance
E00165,2026-03-24,,Active,Engineering,Junior Software Developer,L1,"Vancouver, BC",On-site,Full-time,1.0,Male,1987-09-11,38,30-39,66000,4,69,21.6,,ENG-MGR-10,
E00166,2024-03-31,,Active,Engineering,Junior Software Developer,L1,"Toronto, ON",Hybrid,Full-time,1.0,Male,1996-12-23,29,<30,58000,1,64,23.1,,ENG-MGR-11,
E00167,2026-04-23,,Active,Engineering,"Director, Engineering",L5,"Toronto, ON",Hybrid,Part-time,0.6,Male,1978-05-13,48,40-49,114000,3,72,31.8,,ENG-MGR-11,
E00168,2023-04-24,,Active,Engineering,Software Developer,L2,"Toronto, ON",Hybrid,Full-time,1.0,Female,1988-08-23,37,30-39,73500,3,63,26.1,,ENG-MGR-07,
E00169,2021-10-06,,Active,Customer Success,Senior Customer Success Manager,L3,"Vancouver, BC",On-site,Full-time,1.0,Male,1984-07-23,42,40-49,92000,3,78,48.8,,CUS-MGR-07,
E00170,2025-04-17,,Active,Operations,Senior Operations Analyst,L3,"Toronto, ON",Hybrid,Full-time,1.0,Female,1991-01-03,35,30-39,83500,4,73,24.3,,OPE-MGR-02,
E00171,2024-08-04,2026-03-01,Terminated,Human Resources,Senior HR Analyst,L3,"Toronto, ON",Hybrid,Full-time,1.0,Female,1985-12-12,40,40-49,100000,3,73,3.1,2025-10-16,HUM-MGR-05,Involuntary - Restructuring
E00172,2023-03-23,,Active,Sales,"Director, Sales",L5,"Toronto, ON",Hybrid,Full-time,1.0,Male,1984-05-10,42,40-49,152500,5,66,25.7,,SAL-MGR-07,
E00173,2024-10-03,,Active,Sales,"Director, Sales",L5,"Ottawa, ON",Remote,Part-time,0.6,Female,1979-08-05,46,40-49,93000,3,68,23.1,2026-06-26,SAL-MGR-05,
E00174,2023-10-31,,Active,Sales,Sales Manager,L4,"Ottawa, ON",Hybrid,Full-time,1.0,Female,1988-12-20,37,30-39,124000,5,58,23.7,2025-02-03,SAL-MGR-04,
E00175,2025-08-03,,Active,Engineering,Analytics Lead,L4,"Montreal, QC",Remote,Full-time,1.0,Female,1982-06-27,44,40-49,114500,3,80,2.3,,ENG-MGR-07,
E00176,2023-09-29,,Active,Engineering,Senior Data Analyst,L3,"Montreal, QC",Hybrid,Full-time,1.0,Female,1991-08-05,34,30-39,93500,3,70,30.4,,ENG-MGR-09,
E00177,2026-06-27,,Active,Sales,Account Executive,L2,"Ottawa, ON",Hybrid,Full-time,1.0,Male,1985-08-05,40,40-49,76000,5,79,32.1,,SAL-MGR-11,
E00178,2021-01-22,,Active,Sales,Sales Manager,L4,"Toronto, ON",Hybrid,Full-time,1.0,Male,1979-06-22,47,40-49,126500,3,72,8.0,,SAL-MGR-07,
E00179,2024-06-16,,Active,Engineering,Software Developer,L2,"Toronto, ON",Hybrid,Full-time,1.0,Female,1996-11-02,29,<30,83000,2,81,34.4,,ENG-MGR-01,
E00180,2018-09-08,,Active,Engineering,Junior Software Developer,L1,"Toronto, ON",Remote,Full-time,1.0,Female,1986-11-23,39,30-39,52500,4,80,19.6,,ENG-MGR-12,
E00181,2022-01-04,2024-02-17,Terminated,Engineering,Analytics Lead,L4,"Montreal, QC",On-site,Full-time,1.0,Male,1980-05-21,46,40-49,139000,4,91,31.4,,ENG-MGR-09,End of Contract
E00182,2025-08-14,,Active,Legal & Compliance,Compliance Manager,L4,"Ottawa, ON",Remote,Part-time,0.6,Prefer not to say,1986-04-25,40,40-49,73500,3,57,0.5,,LEG-MGR-05,
E00183,2023-11-01,2026-01-25,Terminated,Engineering,Analytics Lead,L4,"Vancouver, BC",On-site,Full-time,1.0,Male,1981-04-09,45,40-49,143000,4,58,35.9,,ENG-MGR-05,Involuntary - Restructuring
E00184,2024-06-25,,Active,Operations,Senior Operations Specialist,L3,"Montreal, QC",On-site,Full-time,1.0,Female,1980-04-19,46,40-49,89000,2,67,25.3,2025-09-05,OPE-MGR-07,
E00185,2022-06-22,,Active,Engineering,Software Developer,L2,"Vancouver, BC",Hybrid,Full-time,1.0,Female,1994-10-12,31,30-39,81000,3,66,28.0,,ENG-MGR-01,
E00186,2025-01-01,,Active,Engineering,Data Engineer,L3,"Toronto, ON",Hybrid,Full-time,1.0,Male,1986-08-05,39,30-39,105500,3,69,16.6,,ENG-MGR-03,
E00187,2026-06-28,,Active,Marketing,Marketing Specialist,L2,"Montreal, QC",On-site,Full-time,1.0,Female,1997-01-13,29,<30,69000,4,67,39.4,,MAR-MGR-07,
E00188,2025-01-23,,Active,Human Resources,People Analytics Specialist,L3,"Vancouver, BC",Remote,Full-time,1.0,Male,1985-03-22,41,40-49,93000,4,74,20.3,,HUM-MGR-05,
E00189,2020-08-27,,Active,Engineering,Data Engineer,L3,"Ottawa, ON",Remote,Full-time,1.0,Male,1987-05-02,39,30-39,92500,4,78,44.7,2023-08-09,ENG-MGR-12,
E00190,2022-11-08,,Active,Engineering,Engineering Manager,L4,"Vancouver, BC",Remote,Full-time,1.0,Female,1982-11-05,43,40-49,128000,4,79,21.7,2025-10-13,ENG-MGR-05,
E00191,2022-03-02,,Active,Engineering,Data Analyst,L1,"Vancouver, BC",Remote,Full-time,1.0,Male,1988-07-27,38,30-39,62000,3,66,0,,ENG-MGR-12,
E00192,2018-05-11,,Active,Legal & Compliance,Senior Compliance Analyst,L3,"Toronto, ON",Hybrid,Full-time,1.0,Female,1985-01-15,41,40-49,110500,4,79,27.0,,LEG-MGR-03,
E00193,2026-01-16,,Active,Finance,Senior Financial Analyst,L3,"Montreal, QC",Remote,Full-time,1.0,Male,1992-03-27,34,30-39,83000,3,60,23.8,,FIN-MGR-10,
E00194,2020-08-05,,Active,Sales,Sales Development Representative,L1,Remote - Canada,Remote,Full-time,1.0,Female,1993-02-10,33,30-39,50500,5,81,7.3,,SAL-MGR-12,
E00195,2023-12-24,,Active,Finance,Finance Manager,L4,"Calgary, AB",Hybrid,Full-time,1.0,Male,1989-12-09,36,30-39,105000,3,68,6.6,2025-06-25,FIN-MGR-11,
E00196,2024-08-20,,Active,Human Resources,"Director, People & Culture",L5,"Toronto, ON",On-site,Full-time,1.0,Prefer not to say,1977-03-09,49,40-49,154000,4,76,13.9,,HUM-MGR-02,
E00197,2025-11-19,,Active,Human Resources,HR Coordinator,L1,"Montreal, QC",Hybrid,Full-time,1.0,Male,1999-09-09,26,<30,44000,4,84,26.1,,HUM-MGR-01,
E00198,2023-03-05,,Active,Engineering,Data Analyst,L2,"Calgary, AB",Remote,Full-time,1.0,Female,1994-07-08,32,30-39,79500,3,65,29.6,,ENG-MGR-02,
E00199,2025-04-12,,Active,Marketing,Senior Marketing Analyst,L3,"Montreal, QC",Hybrid,Full-time,1.0,Female,1983-05-24,43,40-49,90000,3,94,33.2,,MAR-MGR-11,
E00200,2019-04-18,,Active,Engineering,Senior Software Developer,L3,"Vancouver, BC",Hybrid,Full-time,1.0,Male,1978-06-02,48,40-49,113500,4,88,14.8,,ENG-MGR-08,
E00201,2024-07-27,,Active,Legal & Compliance,Compliance Analyst,L2,"Toronto, ON",Hybrid,Full-time,1.0,Female,1982-06-14,44,40-49,78000,3,78,36.6,,LEG-MGR-01,
E00202,2024-07-10,,Active,Human Resources,HR Manager,L4,"Calgary, AB",On-site,Full-time,1.0,Female,1993-08-20,32,30-39,98000,3,70,33.5,,HUM-MGR-10,
E00203,2023-09-15,,Active,Engineering,Lead Software Developer,L4,"Toronto, ON",Hybrid,Full-time,1.0,Non-binary,1976-11-26,49,40-49,148500,3,74,6.2,,ENG-MGR-09,
E00204,2023-09-16,,Active,Operations,Senior Operations Analyst,L3,Remote - Canada,Remote,Full-time,1.0,Male,1985-03-03,41,40-49,83000,3,76,24.2,2026-03-23,OPE-MGR-06,
E00205,2022-09-08,,Active,Finance,"Director, Finance",L5,"Toronto, ON",Hybrid,Full-time,1.0,Female,1982-07-05,44,40-49,178500,3,86,42.1,2025-12-27,FIN-MGR-04,
E00206,2022-05-03,,Active,Customer Success,"VP, Customer Success",L6,"Vancouver, BC",Hybrid,Full-time,1.0,Female,1965-08-22,60,60+,184000,4,86,18.6,,CUS-MGR-03,
E00207,2023-01-09,,Active,Sales,Senior Account Executive,L3,"Vancouver, BC",On-site,Full-time,1.0,Female,1987-03-19,39,30-39,99000,2,59,15.0,,SAL-MGR-02,
E00208,2026-06-07,,Active,Human Resources,Talent Acquisition Specialist,L2,"Toronto, ON",Remote,Full-time,1.0,Male,2000-01-23,26,<30,75500,1,57,36.6,,HUM-MGR-02,
E00209,2022-03-04,,Active,Marketing,Marketing Manager,L4,Remote - Canada,Remote,Full-time,1.0,Male,1985-01-14,41,40-49,121500,4,76,33.9,,MAR-MGR-10,
E00210,2020-08-16,,Active,Operations,Operations Coordinator,L1,"Ottawa, ON",Hybrid,Full-time,1.0,Male,1994-04-18,32,30-39,48000,3,79,8.6,2025-06-22,OPE-MGR-06,
E00211,2022-09-22,,Active,Legal & Compliance,Compliance Analyst,L2,"Toronto, ON",On-site,Full-time,1.0,Male,1985-08-13,40,40-49,79500,3,79,22.3,2024-12-21,LEG-MGR-10,
E00212,2024-06-13,,Active,Customer Success,Customer Success Specialist,L2,"Montreal, QC",Hybrid,Full-time,1.0,Male,1985-05-16,41,40-49,65000,4,73,15.6,,CUS-MGR-06,
E00213,2026-02-22,,Active,Sales,Senior Sales Operations Analyst,L3,"Vancouver, BC",Hybrid,Full-time,1.0,Female,1994-04-21,32,30-39,106500,3,92,44.7,,SAL-MGR-09,
E00214,2026-05-10,,Active,Operations,Operations Manager,L4,"Vancouver, BC",On-site,Full-time,1.0,Male,1988-06-16,38,30-39,105000,3,67,20.5,,OPE-MGR-07,
E00215,2026-02-15,,Active,Sales,Senior Sales Operations Analyst,L3,"Toronto, ON",On-site,Full-time,1.0,Female,1986-05-03,40,40-49,99500,3,65,17.7,,SAL-MGR-10,
E00216,2022-04-16,,Active,Finance,Financial Analyst,L2,"Vancouver, BC",Hybrid,Full-time,1.0,Male,1985-06-18,41,40-49,74500,3,83,18.5,,FIN-MGR-02,
E00217,2020-07-10,,Active,Marketing,Senior Marketing Specialist,L3,"Ottawa, ON",Remote,Full-time,1.0,Female,1985-05-02,41,40-49,89500,2,62,27.3,,MAR-MGR-01,
E00218,2022-03-03,,Active,Finance,Finance Manager,L4,"Calgary, AB",Hybrid,Full-time,1.0,Female,1980-04-05,46,40-49,123000,3,80,15.4,2024-09-03,FIN-MGR-12,
E00219,2023-02-13,,Active,Engineering,Data Analyst,L1,"Toronto, ON",Hybrid,Part-time,0.6,Male,1989-08-28,36,30-39,31500,3,94,31.9,,ENG-MGR-02,
E00220,2025-09-01,,Active,Engineering,Analytics Lead,L4,"Ottawa, ON",Remote,Full-time,1.0,Male,1987-02-20,39,30-39,120500,4,70,15.7,,ENG-MGR-01,
E00221,2025-03-29,,Active,Engineering,Data Engineer,L3,"Toronto, ON",On-site,Full-time,1.0,Female,1997-06-06,29,<30,91000,3,74,35.3,,ENG-MGR-02,
E00222,2022-11-05,,Active,Operations,Operations Manager,L4,"Vancouver, BC",Hybrid,Full-time,1.0,Male,1982-04-04,44,40-49,115000,4,80,20.9,2025-10-19,OPE-MGR-12,
E00223,2025-09-12,,Active,Engineering,Senior Data Analyst,L3,"Montreal, QC",Hybrid,Part-time,0.6,Male,1980-06-18,46,40-49,62500,2,69,26.0,,ENG-MGR-03,
E00224,2025-10-23,,Active,Marketing,"Director, Marketing",L5,"Calgary, AB",Hybrid,Full-time,1.0,Female,1974-07-14,52,50-59,130000,3,80,30.9,,MAR-MGR-01,
E00225,2026-04-21,,Active,Customer Success,Customer Success Manager,L4,"Vancouver, BC",Hybrid,Full-time,1.0,Male,1988-02-26,38,30-39,116000,3,61,4.6,,CUS-MGR-02,
E00226,2021-10-27,,Active,Engineering,Data Analyst,L2,"Ottawa, ON",Remote,Contract,1.0,Female,1985-09-19,40,40-49,84500,3,87,27.9,,ENG-MGR-06,
E00227,2025-04-19,,Active,Marketing,Senior Marketing Analyst,L3,"Vancouver, BC",Hybrid,Full-time,1.0,Male,1981-06-17,45,40-49,91500,4,76,23.0,,MAR-MGR-12,
E00228,2021-01-06,,Active,Engineering,Data Engineer,L3,"Montreal, QC",Remote,Full-time,1.0,Female,1980-04-11,46,40-49,93500,4,75,19.4,,ENG-MGR-10,
E00229,2021-01-22,2024-11-25,Terminated,Marketing,"Director, Marketing",L5,"Toronto, ON",Hybrid,Full-time,1.0,Female,1968-08-25,57,50-59,147500,3,76,4.1,,MAR-MGR-12,Voluntary - Compensation
E00230,2021-04-24,,Active,Engineering,"VP, Engineering",L6,"Vancouver, BC",Hybrid,Full-time,1.0,Male,1971-10-01,54,50-59,223500,4,81,34.4,,ENG-MGR-09,
E00231,2022-07-27,,Active,Engineering,Junior Software Developer,L1,Remote - Canada,Remote,Full-time,1.0,Male,1998-10-27,27,<30,57500,1,70,16.3,,ENG-MGR-07,
E00232,2022-05-10,,Active,Engineering,Junior Software Developer,L1,"Vancouver, BC",Hybrid,Full-time,1.0,Male,1990-11-25,35,30-39,59000,3,76,17.3,,ENG-MGR-05,
E00233,2022-12-01,,Active,Sales,Sales Manager,L4,"Calgary, AB",Hybrid,Full-time,1.0,Male,1977-08-15,48,40-49,117000,3,69,28.4,,SAL-MGR-09,
E00234,2023-08-02,,Active,Engineering,"VP, Engineering",L6,"Calgary, AB",Hybrid,Full-time,1.0,Female,1976-06-12,50,50-59,205500,3,76,34.5,,ENG-MGR-09,
E00235,2023-09-22,,Active,Operations,Senior Operations Analyst,L3,"Vancouver, BC",Remote,Full-time,1.0,Male,1990-12-27,35,30-39,83000,2,63,24.3,,OPE-MGR-12,
E00236,2023-03-13,,Active,Finance,Finance Coordinator,L1,"Montreal, QC",Hybrid,Full-time,1.0,Male,1994-08-19,31,30-39,54000,3,68,17.8,,FIN-MGR-07,
E00237,2020-10-13,2026-05-07,Terminated,Sales,Senior Account Executive,L3,"Toronto, ON",Remote,Full-time,1.0,Male,1978-02-04,48,40-49,99000,2,69,52.3,,SAL-MGR-04,Voluntary - Compensation
E00238,2020-12-06,,Active,Customer Success,Customer Success Specialist,L2,"Calgary, AB",Remote,Full-time,1.0,Female,1993-06-11,33,30-39,71500,2,74,28.4,,CUS-MGR-09,
E00239,2021-02-03,,Active,Engineering,Data Analyst,L2,"Toronto, ON",On-site,Full-time,1.0,Female,1992-03-04,34,30-39,87000,2,69,20.1,,ENG-MGR-11,
E00240,2025-10-30,,Active,Finance,Senior Financial Analyst,L3,"Montreal, QC",Hybrid,Full-time,1.0,Male,1995-05-24,31,30-39,85000,3,79,29.3,,FIN-MGR-11,
E00241,2025-10-28,,Active,Operations,Operations Specialist,L2,"Vancouver, BC",Remote,Full-time,1.0,Male,1990-05-03,36,30-39,65500,3,73,27.3,,OPE-MGR-02,
E00242,2019-12-27,,Active,Marketing,Marketing Manager,L4,"Toronto, ON",Remote,Full-time,1.0,Female,1974-04-23,52,50-59,103500,4,76,12.7,,MAR-MGR-12,
E00243,2023-02-07,,Active,Marketing,Marketing Specialist,L2,"Ottawa, ON",Hybrid,Full-time,1.0,Male,1980-04-04,46,40-49,69000,3,72,51.2,,MAR-MGR-12,
E00244,2021-06-05,,Active,Finance,Senior Financial Analyst,L3,"Toronto, ON",Hybrid,Full-time,1.0,Male,1985-12-03,40,40-49,89000,3,86,32.8,,FIN-MGR-09,
E00245,2024-09-28,,Active,Sales,Senior Sales Operations Analyst,L3,"Montreal, QC",Remote,Full-time,1.0,Female,1984-01-18,42,40-49,95500,4,78,11.2,,SAL-MGR-01,
E00246,2024-01-29,,Active,Marketing,Marketing Coordinator,L1,"Calgary, AB",Hybrid,Full-time,1.0,Male,1993-06-27,33,30-39,54000,5,96,38.8,2026-06-28,MAR-MGR-04,
E00247,2025-11-02,,Active,Human Resources,Senior HR Analyst,L3,"Vancouver, BC",On-site,Full-time,1.0,Male,1986-03-10,40,40-49,92000,3,83,25.0,,HUM-MGR-03,
E00248,2021-06-27,,Active,Sales,Senior Account Executive,L3,"Montreal, QC",Remote,Full-time,1.0,Female,1992-06-13,34,30-39,91000,3,73,30.6,2025-07-30,SAL-MGR-02,
E00249,2021-04-15,,Active,Human Resources,HR Coordinator,L1,"Calgary, AB",Hybrid,Full-time,1.0,Female,1994-08-25,31,30-39,47500,3,72,30.7,,HUM-MGR-10,
E00250,2025-01-23,,Active,Operations,Operations Coordinator,L1,"Vancouver, BC",Hybrid,Full-time,1.0,Female,1998-03-15,28,<30,51000,3,87,20.2,,OPE-MGR-08,
E00251,2021-09-08,2026-01-30,Terminated,Engineering,Data Analyst,L2,"Montreal, QC",Hybrid,Full-time,1.0,Female,1979-10-14,46,40-49,73000,3,71,0.8,,ENG-MGR-06,Involuntary - Restructuring
E00252,2025-08-22,,Active,Engineering,Senior Data Analyst,L3,"Calgary, AB",On-site,Full-time,1.0,Female,1994-11-02,31,30-39,87500,2,65,32.2,,ENG-MGR-07,
E00253,2025-01-11,,Active,Operations,Operations Specialist,L2,"Vancouver, BC",Hybrid,Full-time,1.0,Male,1994-03-14,32,30-39,62500,4,79,42.0,,OPE-MGR-09,
E00254,2023-04-04,,Active,Sales,"VP, Sales",L6,"Toronto, ON",Hybrid,Full-time,1.0,Female,1974-12-22,51,50-59,194500,3,56,11.6,,SAL-MGR-01,
E00255,2025-09-09,,Active,Sales,Sales Operations Analyst,L2,"Toronto, ON",Hybrid,Full-time,1.0,Male,1996-10-04,29,<30,80500,3,83,31.9,,SAL-MGR-11,
E00256,2023-08-25,,Active,Marketing,Marketing Specialist,L2,"Montreal, QC",Remote,Full-time,1.0,Female,1993-07-22,33,30-39,58000,4,67,18.2,,MAR-MGR-07,
E00257,2020-11-05,2025-05-21,Terminated,Engineering,Lead Software Developer,L4,"Vancouver, BC",On-site,Full-time,1.0,Female,1976-07-06,50,50-59,122000,2,66,35.7,,ENG-MGR-06,Voluntary - Career Opportunity
E00258,2026-07-12,,Active,Engineering,Data Analyst,L2,"Montreal, QC",Hybrid,Full-time,1.0,Prefer not to say,1991-03-23,35,30-39,67500,3,70,28.3,,ENG-MGR-11,
E00259,2024-01-04,2025-04-29,Terminated,Operations,Operations Specialist,L2,"Vancouver, BC",On-site,Full-time,1.0,Male,1990-04-22,36,30-39,61000,3,85,28.8,,OPE-MGR-03,Voluntary - Work-Life Balance
E00260,2025-03-28,,Active,Sales,Sales Operations Analyst,L2,Remote - Canada,Remote,Full-time,1.0,Female,1982-10-04,43,40-49,62500,4,89,17.0,,SAL-MGR-01,
E00261,2025-01-08,,Active,Legal & Compliance,Compliance Manager,L4,"Vancouver, BC",Hybrid,Full-time,1.0,Male,1978-04-18,48,40-49,130500,3,72,0,,LEG-MGR-03,
E00262,2019-05-20,,Active,Finance,Finance Coordinator,L1,"Montreal, QC",On-site,Full-time,1.0,Male,1985-06-07,41,40-49,53000,4,72,43.7,,FIN-MGR-01,
E00263,2022-08-14,2024-12-15,Terminated,Customer Success,Customer Success Manager,L4,"Montreal, QC",Hybrid,Full-time,1.0,Female,1978-03-17,48,40-49,115000,5,86,31.1,2026-02-19,CUS-MGR-05,Voluntary - Work-Life Balance
E00264,2022-01-12,,Active,Customer Success,Customer Success Manager,L4,"Montreal, QC",Remote,Full-time,1.0,Male,1981-04-14,45,40-49,104000,3,56,12.4,,CUS-MGR-04,
E00265,2019-09-20,,Active,Sales,Sales Operations Manager,L4,"Toronto, ON",Hybrid,Full-time,1.0,Male,1982-11-07,43,40-49,114000,4,72,26.1,,SAL-MGR-02,
E00266,2025-03-10,,Active,Sales,Senior Account Executive,L3,"Vancouver, BC",Hybrid,Full-time,1.0,Male,1988-04-18,38,30-39,98500,3,75,33.1,,SAL-MGR-10,
E00267,2022-08-24,,Active,Engineering,Senior Software Developer,L3,"Toronto, ON",Hybrid,Full-time,1.0,Female,1978-04-24,48,40-49,94500,3,59,10.9,,ENG-MGR-04,
E00268,2023-01-03,,Active,Customer Success,Customer Success Coordinator,L1,"Montreal, QC",Hybrid,Full-time,1.0,Male,1989-03-13,37,30-39,43500,4,53,33.7,,CUS-MGR-12,
E00269,2021-06-17,,Active,Sales,Senior Sales Operations Analyst,L3,"Toronto, ON",Hybrid,Full-time,1.0,Male,1990-07-22,36,30-39,83500,3,68,33.9,2024-12-08,SAL-MGR-08,
E00270,2024-05-14,,Active,Operations,Senior Operations Analyst,L3,"Toronto, ON",Hybrid,Full-time,1.0,Female,1990-01-22,36,30-39,89000,3,81,18.5,,OPE-MGR-11,
E00271,2019-02-12,,Active,Operations,Senior Operations Analyst,L3,Remote - Canada,Remote,Full-time,1.0,Female,1981-06-10,45,40-49,91500,2,72,14.2,,OPE-MGR-08,
E00272,2021-03-26,,Active,Customer Success,Customer Success Coordinator,L1,"Montreal, QC",Hybrid,Full-time,1.0,Female,1996-12-22,29,<30,49000,3,71,21.5,,CUS-MGR-09,
E00273,2018-07-02,,Active,Customer Success,Customer Success Manager,L4,"Toronto, ON",Hybrid,Full-time,1.0,Male,1974-12-13,51,50-59,117500,5,77,23.8,,CUS-MGR-07,
E00274,2025-05-25,,Active,Engineering,Analytics Lead,L4,"Vancouver, BC",Remote,Contract,1.0,Female,1970-09-28,55,50-59,148000,3,68,33.5,,ENG-MGR-12,
E00275,2022-12-09,,Active,Sales,Sales Operations Manager,L4,"Calgary, AB",Hybrid,Full-time,1.0,Female,1977-05-21,49,40-49,133500,1,60,40.9,,SAL-MGR-10,
E00276,2023-03-14,,Active,Sales,Senior Sales Operations Analyst,L3,"Calgary, AB",Hybrid,Full-time,1.0,Male,1986-03-06,40,40-49,83500,3,85,15.3,,SAL-MGR-05,
E00277,2026-01-30,,Active,Finance,Finance Manager,L4,"Toronto, ON",Remote,Full-time,1.0,Male,1977-12-20,48,40-49,113500,3,82,8.4,,FIN-MGR-04,
E00278,2024-04-22,,Active,Customer Success,Customer Success Coordinator,L1,"Toronto, ON",Hybrid,Contract,1.0,Female,1999-09-21,26,<30,51000,3,76,24.3,,CUS-MGR-12,
E00279,2024-01-06,,Active,Customer Success,Senior Customer Success Manager,L3,Remote - Canada,Remote,Full-time,1.0,Female,1977-04-04,49,40-49,79500,3,92,45.1,,CUS-MGR-10,
E00280,2022-11-16,,Active,Engineering,Senior Software Developer,L3,"Toronto, ON",Remote,Full-time,1.0,Female,1979-04-26,47,40-49,106000,3,80,9.3,2026-06-28,ENG-MGR-05,
E00281,2021-05-22,,Active,Engineering,Senior Software Developer,L3,"Calgary, AB",On-site,Full-time,1.0,Male,1983-03-27,43,40-49,98000,4,81,35.1,,ENG-MGR-09,
E00282,2021-12-08,,Active,Engineering,Data Analyst,L2,"Toronto, ON",On-site,Full-time,1.0,Female,1984-06-21,42,40-49,76000,3,54,22.0,,ENG-MGR-07,
E00283,2024-06-24,,Active,Finance,Finance Manager,L4,"Vancouver, BC",Remote,Full-time,1.0,Female,1977-11-04,48,40-49,125000,4,74,7.8,2026-03-20,FIN-MGR-10,
E00284,2024-10-02,,Active,Operations,Operations Analyst,L2,"Montreal, QC",On-site,Full-time,1.0,Female,1986-08-26,39,30-39,62000,3,78,26.7,,OPE-MGR-04,
E00285,2018-03-01,,Active,Engineering,Lead Software Developer,L4,"Montreal, QC",Hybrid,Full-time,1.0,Female,1974-04-17,52,50-59,111000,4,71,22.5,,ENG-MGR-08,
E00286,2021-12-01,,Active,Customer Success,Customer Success Coordinator,L1,"Montreal, QC",Hybrid,Full-time,1.0,Male,1997-02-24,29,<30,48000,2,74,26.6,,CUS-MGR-07,
E00287,2026-02-15,,Active,Human Resources,HR Coordinator,L1,"Toronto, ON",Remote,Full-time,1.0,Female,1986-04-16,40,40-49,52500,3,89,16.4,,HUM-MGR-05,
E00288,2023-08-25,,Active,Sales,Senior Account Executive,L3,"Montreal, QC",Hybrid,Full-time,1.0,Male,1983-03-22,43,40-49,82500,4,67,34.3,,SAL-MGR-12,
E00289,2023-08-10,,Active,Sales,Sales Operations Manager,L4,"Vancouver, BC",Remote,Full-time,1.0,Male,1983-08-18,42,40-49,119500,5,64,17.1,2025-11-02,SAL-MGR-02,
E00290,2019-05-06,,Active,Marketing,Senior Marketing Analyst,L3,"Ottawa, ON",Hybrid,Full-time,1.0,Male,1976-09-26,49,40-49,80000,3,72,12.8,2024-09-24,MAR-MGR-08,
E00291,2024-12-03,2026-05-11,Terminated,Engineering,Lead Software Developer,L4,"Vancouver, BC",Hybrid,Full-time,1.0,Male,1982-07-08,44,40-49,117500,3,59,13.9,,ENG-MGR-03,Voluntary - Compensation
E00292,2023-06-28,2025-11-13,Terminated,Sales,Senior Account Executive,L3,"Ottawa, ON",On-site,Full-time,1.0,Male,1985-09-03,40,40-49,98500,3,68,6.0,,SAL-MGR-03,Voluntary - Compensation
E00293,2020-08-31,,Active,Engineering,Senior Data Analyst,L3,"Vancouver, BC",Hybrid,Full-time,1.0,Male,1969-08-12,56,50-59,108000,3,85,28.2,,ENG-MGR-10,
E00294,2025-04-17,,Active,Customer Success,Customer Success Specialist,L2,"Toronto, ON",Hybrid,Full-time,1.0,Female,1985-04-12,41,40-49,64000,3,74,5.9,,CUS-MGR-11,
E00295,2026-03-25,,Active,Engineering,Software Developer,L2,"Vancouver, BC",Remote,Full-time,1.0,Male,1990-10-06,35,30-39,88500,5,82,30.2,,ENG-MGR-05,
E00296,2019-01-21,,Active,Sales,Account Executive,L2,"Vancouver, BC",Hybrid,Full-time,1.0,Female,1978-07-25,48,40-49,82500,3,80,29.2,,SAL-MGR-11,
E00297,2024-03-21,,Active,Engineering,Data Engineer,L3,"Vancouver, BC",Hybrid,Full-time,1.0,Male,1990-03-22,36,30-39,101500,3,82,20.8,,ENG-MGR-06,
E00298,2024-04-24,,Active,Human Resources,HR Business Partner,L3,"Toronto, ON",Remote,Full-time,1.0,Female,1987-12-11,38,30-39,87500,2,78,6.0,,HUM-MGR-04,
E00299,2022-11-12,,Active,Legal & Compliance,Compliance Analyst,L2,"Toronto, ON",Hybrid,Part-time,0.6,Male,1992-11-27,33,30-39,47000,2,54,35.0,,LEG-MGR-09,
E00300,2019-08-14,,Active,Customer Success,Customer Success Manager,L4,"Vancouver, BC",Hybrid,Full-time,1.0,Female,1974-05-03,52,50-59,104500,4,58,35.9,2021-04-01,CUS-MGR-05,
E00301,2026-07-08,,Active,Customer Success,Customer Success Specialist,L2,"Toronto, ON",Hybrid,Full-time,1.0,Male,2001-02-11,25,<30,63000,3,93,3.5,,CUS-MGR-11,
E00302,2021-05-02,,Active,Finance,Finance Manager,L4,"Vancouver, BC",Hybrid,Full-time,1.0,Male,1982-03-07,44,40-49,115000,3,76,12.8,2024-06-19,FIN-MGR-09,
E00303,2021-07-25,2025-04-22,Terminated,Legal & Compliance,Compliance Manager,L4,"Montreal, QC",Remote,Full-time,1.0,Male,1977-11-22,48,40-49,119500,3,68,33.9,,LEG-MGR-03,Involuntary - Restructuring
E00304,2023-06-19,,Active,Human Resources,"Director, People & Culture",L5,"Toronto, ON",Hybrid,Full-time,1.0,Male,1981-07-04,45,40-49,141500,3,67,28.5,,HUM-MGR-08,
E00305,2022-08-03,,Active,Marketing,Marketing Specialist,L2,"Toronto, ON",Remote,Full-time,1.0,Male,1987-01-12,39,30-39,62000,4,71,12.9,,MAR-MGR-06,
E00306,2025-04-05,,Active,Customer Success,"VP, Customer Success",L6,"Toronto, ON",Hybrid,Full-time,1.0,Female,1977-07-06,49,40-49,180500,3,62,31.5,,CUS-MGR-06,
E00307,2026-03-17,,Active,Operations,Senior Operations Analyst,L3,"Vancouver, BC",Hybrid,Full-time,1.0,Female,1985-02-28,41,40-49,83000,3,70,22.1,,OPE-MGR-03,
E00308,2024-10-16,,Active,Customer Success,Customer Success Coordinator,L1,"Toronto, ON",Remote,Full-time,1.0,Female,1995-04-18,31,30-39,45500,4,91,14.5,,CUS-MGR-06,
E00309,2024-01-26,,Active,Engineering,Senior Data Analyst,L3,Remote - Canada,Remote,Full-time,1.0,Female,1985-06-09,41,40-49,95000,3,62,3.4,,ENG-MGR-05,
E00310,2024-08-29,,Active,Legal & Compliance,Compliance Analyst,L2,"Toronto, ON",Remote,Full-time,1.0,Male,1992-07-21,34,30-39,71000,3,81,29.6,,LEG-MGR-05,
E00311,2024-08-02,,Active,Engineering,Data Analyst,L1,"Calgary, AB",Hybrid,Full-time,1.0,Female,1985-09-03,40,40-49,58500,2,76,35.6,,ENG-MGR-10,
E00312,2022-07-01,,Active,Marketing,Marketing Manager,L4,"Vancouver, BC",Remote,Full-time,1.0,Female,1977-12-19,48,40-49,113500,3,83,7.6,,MAR-MGR-03,
E00313,2022-09-05,,Active,Legal & Compliance,Senior Compliance Analyst,L3,"Calgary, AB",Hybrid,Full-time,1.0,Female,1984-04-13,42,40-49,88500,3,70,20.9,,LEG-MGR-03,
E00314,2018-08-12,,Active,Engineering,Data Analyst,L2,"Ottawa, ON",Hybrid,Full-time,1.0,Male,1978-09-06,47,40-49,79000,3,77,6.1,,ENG-MGR-03,
E00315,2021-07-13,,Active,Legal & Compliance,Senior Compliance Analyst,L3,"Vancouver, BC",Remote,Full-time,1.0,Male,1980-04-10,46,40-49,106000,3,62,10.5,,LEG-MGR-07,
E00316,2019-12-13,,Active,Marketing,Marketing Analyst,L2,"Calgary, AB",Hybrid,Full-time,1.0,Male,1987-09-27,38,30-39,59500,3,78,21.2,,MAR-MGR-09,
E00317,2021-08-29,,Active,Engineering,Junior Software Developer,L1,"Toronto, ON",Hybrid,Full-time,1.0,Female,1998-01-04,28,<30,64000,4,69,23.6,,ENG-MGR-04,
E00318,2019-10-26,,Active,Sales,Sales Development Representative,L1,"Calgary, AB",Remote,Full-time,1.0,Female,1984-09-11,41,40-49,58500,3,86,20.9,,SAL-MGR-11,
E00319,2023-04-08,,Active,Engineering,Data Analyst,L2,"Toronto, ON",Remote,Full-time,1.0,Female,1985-08-06,40,40-49,78500,3,72,19.4,2025-06-10,ENG-MGR-06,
E00320,2026-06-02,,Active,Engineering,Software Developer,L2,Remote - Canada,Remote,Full-time,1.0,Male,1998-05-07,28,<30,67500,3,73,0,,ENG-MGR-10,
E00321,2022-03-16,2024-08-11,Terminated,Human Resources,HR Analyst,L2,"Ottawa, ON",On-site,Full-time,1.0,Female,1991-01-09,35,30-39,59500,3,60,26.4,,HUM-MGR-08,Voluntary - Work-Life Balance
E00322,2019-08-17,,Active,Operations,"Director, Operations",L5,"Montreal, QC",Remote,Full-time,1.0,Male,1967-12-04,58,50-59,137000,3,87,24.9,2026-04-05,OPE-MGR-02,
E00323,2024-10-10,2025-09-07,Terminated,Customer Success,Customer Success Specialist,L2,"Toronto, ON",Hybrid,Full-time,1.0,Female,1996-10-20,29,<30,66000,4,60,46.8,,CUS-MGR-11,Voluntary - Career Opportunity
E00324,2023-02-24,,Active,Engineering,Lead Software Developer,L4,"Montreal, QC",Remote,Full-time,1.0,Female,1977-02-27,49,40-49,119000,3,82,12.6,,ENG-MGR-09,
E00325,2024-08-30,,Active,Human Resources,HR Coordinator,L1,"Vancouver, BC",Remote,Full-time,1.0,Female,1995-02-25,31,30-39,48500,4,62,15.7,,HUM-MGR-09,
E00326,2020-07-30,,Active,Operations,Operations Manager,L4,Remote - Canada,Remote,Full-time,1.0,Female,1981-07-27,45,40-49,100000,3,78,15.2,,OPE-MGR-06,
E00327,2026-02-03,,Active,Operations,Senior Operations Analyst,L3,"Montreal, QC",Hybrid,Full-time,1.0,Female,1992-04-11,34,30-39,82500,3,80,22.9,,OPE-MGR-07,
E00328,2024-01-01,,Active,Marketing,Senior Marketing Analyst,L3,"Montreal, QC",Remote,Full-time,1.0,Female,1981-05-26,45,40-49,88000,2,71,17.0,,MAR-MGR-07,
E00329,2024-01-24,,Active,Sales,Sales Operations Manager,L4,"Toronto, ON",Hybrid,Full-time,1.0,Female,1986-02-12,40,40-49,120000,4,67,28.5,,SAL-MGR-03,
E00330,2020-02-14,2024-04-07,Terminated,Customer Success,"VP, Customer Success",L6,Remote - Canada,Remote,Full-time,1.0,Male,1971-09-12,54,50-59,177000,2,56,35.7,,CUS-MGR-12,Voluntary - Compensation
E00331,2022-02-22,,Active,Sales,Senior Account Executive,L3,"Montreal, QC",Remote,Full-time,1.0,Female,1988-07-08,38,30-39,88000,4,66,43.2,,SAL-MGR-03,
E00332,2018-09-12,2025-10-02,Terminated,Engineering,Analytics Lead,L4,"Toronto, ON",Hybrid,Full-time,1.0,Female,1980-07-17,46,40-49,139500,3,67,21.6,,ENG-MGR-08,Voluntary - Career Opportunity
E00333,2019-11-01,,Active,Legal & Compliance,Compliance Analyst,L2,"Toronto, ON",Hybrid,Full-time,1.0,Female,1986-08-27,39,30-39,70000,4,92,35.5,2023-04-01,LEG-MGR-08,
E00334,2024-09-27,,Active,Customer Success,"VP, Customer Success",L6,"Montreal, QC",Remote,Full-time,1.0,Non-binary,1974-12-23,51,50-59,167500,4,70,26.6,,CUS-MGR-08,
E00335,2025-05-26,,Active,Operations,Senior Operations Analyst,L3,"Montreal, QC",Hybrid,Full-time,1.0,Female,1982-12-04,43,40-49,81000,3,69,36.7,,OPE-MGR-02,
E00336,2019-03-06,2025-10-23,Terminated,Engineering,Software Developer,L2,Remote - Canada,Remote,Full-time,1.0,Male,1982-10-22,43,40-49,68000,3,93,26.4,,ENG-MGR-07,Voluntary - Career Opportunity
E00337,2026-07-23,,Active,Marketing,"VP, Marketing",L6,"Vancouver, BC",Remote,Full-time,1.0,Male,1980-01-27,46,40-49,224000,3,76,36.3,,MAR-MGR-03,
E00338,2021-03-01,,Active,Legal & Compliance,Compliance Analyst,L2,"Calgary, AB",On-site,Full-time,1.0,Male,1986-05-20,40,40-49,63000,4,56,19.9,,LEG-MGR-07,
E00339,2021-12-09,,Active,Operations,Operations Analyst,L2,"Vancouver, BC",Hybrid,Full-time,1.0,Female,1996-07-12,30,30-39,60500,4,78,24.4,,OPE-MGR-05,
E00340,2019-07-04,,Active,Operations,Senior Operations Analyst,L3,"Calgary, AB",Remote,Full-time,1.0,Male,1982-12-17,43,40-49,91000,4,77,7.7,,OPE-MGR-10,
E00341,2020-10-16,,Active,Engineering,Junior Software Developer,L1,"Vancouver, BC",Hybrid,Full-time,1.0,Male,1997-01-04,29,<30,64000,3,76,24.0,,ENG-MGR-01,
E00342,2025-08-01,,Active,Customer Success,Senior Customer Success Manager,L3,"Toronto, ON",Hybrid,Full-time,1.0,Male,1974-12-03,51,50-59,95500,3,64,12.3,,CUS-MGR-02,
E00343,2025-07-16,,Active,Engineering,Data Analyst,L2,"Toronto, ON",Hybrid,Part-time,0.6,Prefer not to say,1979-05-25,47,40-49,42000,3,57,18.1,,ENG-MGR-08,
E00344,2019-02-21,,Active,Operations,Operations Manager,L4,"Vancouver, BC",Hybrid,Full-time,1.0,Male,1975-06-27,51,50-59,122000,4,69,31.3,2024-11-22,OPE-MGR-05,
E00345,2026-07-29,,Active,Engineering,Software Developer,L2,"Toronto, ON",Hybrid,Full-time,1.0,Male,1997-01-18,29,<30,83000,5,72,48.9,,ENG-MGR-11,
E00346,2018-02-13,,Active,Sales,Sales Operations Manager,L4,"Ottawa, ON",Remote,Full-time,1.0,Male,1973-04-11,53,50-59,134000,4,60,28.9,2025-10-24,SAL-MGR-05,
E00347,2022-08-01,,Active,Sales,Sales Manager,L4,"Calgary, AB",Remote,Full-time,1.0,Female,1979-04-16,47,40-49,112000,3,87,26.3,,SAL-MGR-04,
E00348,2025-07-15,,Active,Customer Success,Customer Success Manager,L4,"Toronto, ON",On-site,Full-time,1.0,Male,1993-12-05,32,30-39,119500,3,73,14.5,,CUS-MGR-07,
E00349,2020-09-06,,Active,Engineering,Senior Software Developer,L3,Remote - Canada,Remote,Full-time,1.0,Male,1981-05-27,45,40-49,104000,3,78,22.9,2023-05-22,ENG-MGR-04,
E00350,2025-10-13,2026-02-28,Terminated,Engineering,Senior Software Developer,L3,"Toronto, ON",Hybrid,Full-time,1.0,Male,1982-11-08,43,40-49,113000,2,78,31.3,,ENG-MGR-11,Voluntary - Relocation
E00351,2026-07-28,,Active,Customer Success,Customer Success Specialist,L2,"Vancouver, BC",Hybrid,Full-time,1.0,Female,1997-05-16,29,<30,67500,4,75,10.0,,CUS-MGR-12,
E00352,2024-07-02,2025-03-03,Terminated,Sales,Senior Sales Operations Analyst,L3,"Toronto, ON",Remote,Full-time,1.0,Male,1983-07-28,43,40-49,93500,3,70,27.9,,SAL-MGR-04,Voluntary - Career Opportunity
E00353,2025-05-02,,Active,Engineering,Data Analyst,L1,Remote - Canada,Remote,Part-time,0.6,Male,1988-02-01,38,30-39,32500,3,69,14.0,,ENG-MGR-04,
E00354,2018-10-02,,Active,Engineering,Senior Software Developer,L3,"Toronto, ON",Remote,Full-time,1.0,Female,1977-09-28,48,40-49,91000,3,78,41.6,,ENG-MGR-04,
E00355,2022-09-06,,Active,Engineering,Senior Engineering Manager,L5,"Toronto, ON",Hybrid,Full-time,1.0,Female,1969-08-01,56,50-59,155500,4,77,16.7,,ENG-MGR-11,
E00356,2021-10-10,,Active,Operations,Operations Specialist,L2,"Vancouver, BC",On-site,Full-time,1.0,Male,1980-11-09,45,40-49,72500,4,72,12.8,,OPE-MGR-05,
E00357,2025-01-16,,Active,Engineering,Software Developer,L2,"Toronto, ON",Hybrid,Full-time,1.0,Male,1984-07-23,42,40-49,73000,3,83,24.0,,ENG-MGR-04,
E00358,2024-07-07,,Active,Finance,Finance Manager,L4,"Montreal, QC",Hybrid,Full-time,1.0,Male,1988-07-13,38,30-39,120500,2,61,18.2,,FIN-MGR-01,
E00359,2024-06-14,,Active,Marketing,Marketing Manager,L4,"Toronto, ON",Hybrid,Full-time,1.0,Female,1984-07-26,42,40-49,124500,3,70,18.3,2025-07-11,MAR-MGR-12,
E00360,2018-11-09,,Active,Marketing,Marketing Coordinator,L1,"Ottawa, ON",Remote,Full-time,1.0,Female,1980-10-27,45,40-49,54000,4,78,40.9,2025-01-16,MAR-MGR-08,
E00361,2023-11-13,,Active,Engineering,Data Engineer,L3,"Toronto, ON",Hybrid,Full-time,1.0,Male,1981-03-08,45,40-49,103500,2,69,25.4,,ENG-MGR-07,
E00362,2020-04-02,,Active,Operations,"Director, Operations",L5,"Vancouver, BC",Remote,Full-time,1.0,Female,1979-05-04,47,40-49,133000,5,79,20.1,2021-04-19,OPE-MGR-02,
E00363,2024-04-29,,Active,Customer Success,Customer Success Specialist,L2,"Calgary, AB",On-site,Full-time,1.0,Female,1983-06-22,43,40-49,67500,3,76,25.0,2026-04-04,CUS-MGR-08,
E00364,2021-01-14,,Active,Sales,Senior Account Executive,L3,"Montreal, QC",Hybrid,Full-time,1.0,Female,1980-04-03,46,40-49,92000,3,60,43.0,,SAL-MGR-04,
E00365,2018-07-30,,Active,Marketing,Senior Marketing Specialist,L3,"Vancouver, BC",On-site,Contract,1.0,Female,1978-06-22,48,40-49,98500,3,57,42.4,2025-07-24,MAR-MGR-11,
E00366,2022-09-10,,Active,Engineering,Data Analyst,L2,"Vancouver, BC",Remote,Full-time,1.0,Prefer not to say,1994-10-22,31,30-39,87000,3,78,35.4,2025-08-30,ENG-MGR-12,
E00367,2021-02-23,2026-04-06,Terminated,Customer Success,"Director, Customer Success",L5,"Calgary, AB",On-site,Full-time,1.0,Male,1984-09-08,41,40-49,132500,3,59,19.3,,CUS-MGR-03,Voluntary - Work-Life Balance
E00368,2025-05-11,,Active,Sales,Account Executive,L2,"Toronto, ON",Remote,Full-time,1.0,Male,1984-09-22,41,40-49,69500,3,67,26.9,,SAL-MGR-08,
E00369,2021-08-06,,Active,Legal & Compliance,Compliance Analyst,L2,"Vancouver, BC",On-site,Full-time,1.0,Male,1982-01-13,44,40-49,69000,3,58,19.0,,LEG-MGR-11,
E00370,2019-10-26,,Active,Engineering,Software Developer,L2,"Toronto, ON",Hybrid,Part-time,0.6,Male,1993-01-25,33,30-39,46500,4,70,17.2,,ENG-MGR-12,
E00371,2023-03-10,2024-12-06,Terminated,Sales,Senior Sales Operations Analyst,L3,"Montreal, QC",Hybrid,Full-time,1.0,Female,1987-01-26,39,30-39,95500,4,50,44.7,,SAL-MGR-08,Voluntary - Career Opportunity
E00372,2024-03-29,,Active,Engineering,Data Analyst,L1,"Montreal, QC",Hybrid,Full-time,1.0,Male,1999-06-08,27,<30,48000,3,71,30.2,,ENG-MGR-11,
E00373,2022-02-04,2025-05-20,Terminated,Customer Success,Customer Success Specialist,L2,"Toronto, ON",Hybrid,Full-time,1.0,Female,1988-11-12,37,30-39,58500,3,67,8.7,2023-12-27,CUS-MGR-10,Voluntary - Compensation
E00374,2022-11-16,,Active,Engineering,Data Analyst,L2,"Vancouver, BC",Remote,Full-time,1.0,Female,1995-01-25,31,30-39,82500,3,65,7.3,,ENG-MGR-11,
E00375,2021-04-05,,Active,Marketing,Marketing Coordinator,L1,Remote - Canada,Remote,Full-time,1.0,Female,1989-06-27,37,30-39,47000,5,83,14.1,,MAR-MGR-04,
E00376,2019-08-01,,Active,Engineering,Senior Data Analyst,L3,"Toronto, ON",Hybrid,Full-time,1.0,Male,1980-03-01,46,40-49,93000,4,89,13.8,2024-12-15,ENG-MGR-03,
E00377,2026-02-10,,Active,Engineering,Senior Data Analyst,L3,"Montreal, QC",Remote,Full-time,1.0,Male,1988-04-15,38,30-39,103000,3,79,40.3,,ENG-MGR-11,
E00378,2021-03-02,,Active,Operations,Senior Operations Specialist,L3,"Calgary, AB",Hybrid,Full-time,1.0,Female,1979-04-04,47,40-49,81500,4,55,22.6,,OPE-MGR-10,
E00379,2022-09-26,,Active,Customer Success,Customer Success Manager,L4,"Toronto, ON",Hybrid,Full-time,1.0,Non-binary,1989-07-05,37,30-39,112500,3,74,27.9,,CUS-MGR-08,
E00380,2024-04-30,,Active,Human Resources,Talent Acquisition Specialist,L2,"Vancouver, BC",Hybrid,Full-time,1.0,Female,1981-12-23,44,40-49,65000,4,77,20.7,2025-11-20,HUM-MGR-12,
E00381,2020-06-26,,Active,Finance,Financial Analyst,L2,"Vancouver, BC",Hybrid,Full-time,1.0,Female,1986-02-21,40,40-49,81500,4,81,28.3,2025-09-15,FIN-MGR-07,
E00382,2025-06-13,,Active,Operations,Operations Analyst,L2,"Toronto, ON",Hybrid,Full-time,1.0,Female,1977-09-26,48,40-49,58500,4,81,32.4,,OPE-MGR-12,
E00383,2024-12-13,,Active,Human Resources,People Analytics Manager,L4,Remote - Canada,Remote,Contract,1.0,Male,1978-10-06,47,40-49,101000,2,74,27.1,,HUM-MGR-12,
E00384,2025-05-10,,Active,Customer Success,Customer Success Manager,L4,"Toronto, ON",Hybrid,Full-time,1.0,Female,1985-05-14,41,40-49,125500,2,75,29.1,,CUS-MGR-06,
E00385,2019-09-23,,Active,Legal & Compliance,Compliance Manager,L4,"Montreal, QC",Remote,Part-time,0.6,Male,1981-04-10,45,40-49,74000,4,74,12.6,,LEG-MGR-07,
E00386,2018-11-23,,Active,Customer Success,Customer Success Specialist,L2,"Toronto, ON",Hybrid,Full-time,1.0,Female,1984-07-15,42,40-49,68500,3,63,45.4,2023-03-01,CUS-MGR-06,
E00387,2024-07-28,2026-07-25,Terminated,Human Resources,People Analytics Manager,L4,"Vancouver, BC",Hybrid,Full-time,1.0,Male,1981-04-03,45,40-49,114000,4,81,20.4,,HUM-MGR-02,Voluntary - Relocation
E00388,2023-11-17,,Active,Customer Success,Senior Customer Success Manager,L3,"Toronto, ON",Hybrid,Full-time,1.0,Female,1993-03-09,33,30-39,83000,5,80,34.6,2026-02-23,CUS-MGR-07,
E00389,2020-11-16,,Active,Marketing,Marketing Manager,L4,"Montreal, QC",Remote,Full-time,1.0,Female,1976-10-24,49,40-49,114000,2,68,38.4,,MAR-MGR-10,
E00390,2026-07-31,,Active,Engineering,Data Engineer,L3,"Vancouver, BC",Hybrid,Full-time,1.0,Male,1990-03-03,36,30-39,111000,4,85,23.2,,ENG-MGR-01,
E00391,2024-02-20,,Active,Human Resources,HR Coordinator,L1,"Toronto, ON",Hybrid,Full-time,1.0,Female,2000-02-11,26,<30,48000,5,96,31.2,,HUM-MGR-10,
E00392,2021-04-02,,Active,Engineering,Senior Engineering Manager,L5,"Toronto, ON",Hybrid,Full-time,1.0,Male,1981-03-23,45,40-49,168000,1,53,12.4,2023-12-10,ENG-MGR-03,
E00393,2025-02-28,,Active,Human Resources,People Analytics Specialist,L3,"Toronto, ON",Hybrid,Full-time,1.0,Female,1992-10-08,33,30-39,95000,3,87,26.0,,HUM-MGR-10,
E00394,2023-10-11,,Active,Operations,Operations Specialist,L2,"Vancouver, BC",Hybrid,Full-time,1.0,Female,1986-10-20,39,30-39,67500,3,72,2.6,,OPE-MGR-05,
E00395,2020-03-11,,Active,Engineering,Data Analyst,L1,"Vancouver, BC",Hybrid,Part-time,0.6,Female,1999-02-14,27,<30,31500,4,63,32.0,,ENG-MGR-06,
E00396,2021-08-11,,Active,Human Resources,HR Analyst,L2,"Montreal, QC",Hybrid,Full-time,1.0,Female,1980-12-22,45,40-49,66500,3,76,7.2,,HUM-MGR-05,
E00397,2024-07-14,,Active,Engineering,Analytics Lead,L4,"Toronto, ON",Hybrid,Full-time,1.0,Male,1979-04-01,47,40-49,131500,1,96,26.0,,ENG-MGR-04,
E00398,2023-11-08,,Active,Engineering,Senior Data Analyst,L3,"Calgary, AB",Hybrid,Full-time,1.0,Male,1988-09-25,37,30-39,102500,1,78,24.4,,ENG-MGR-06,
E00399,2024-02-05,,Active,Operations,Senior Operations Specialist,L3,"Montreal, QC",Remote,Full-time,1.0,Female,1983-01-26,43,40-49,72000,4,76,33.8,,OPE-MGR-02,
E00400,2025-03-25,,Active,Operations,Operations Coordinator,L1,"Vancouver, BC",Remote,Full-time,1.0,Female,2001-09-28,24,<30,47500,4,70,16.7,,OPE-MGR-11,
E00401,2025-07-19,,Active,Customer Success,Senior Customer Success Manager,L3,"Toronto, ON",Hybrid,Full-time,1.0,Female,1989-05-18,37,30-39,84500,3,72,38.0,,CUS-MGR-06,
E00402,2020-05-19,,Active,Customer Success,"Director, Customer Success",L5,"Vancouver, BC",Remote,Full-time,1.0,Female,1971-06-27,55,50-59,156000,1,50,21.5,,CUS-MGR-02,
E00403,2025-07-12,,Active,Legal & Compliance,Senior Compliance Analyst,L3,Remote - Canada,Remote,Full-time,1.0,Male,1983-04-06,43,40-49,103000,3,76,27.2,,LEG-MGR-05,
E00404,2021-09-07,,Active,Human Resources,People Analytics Manager,L4,"Toronto, ON",Hybrid,Full-time,1.0,Male,1986-07-14,40,40-49,129500,3,87,31.4,,HUM-MGR-07,
E00405,2020-12-04,,Active,Engineering,Data Engineer,L3,"Montreal, QC",Hybrid,Full-time,1.0,Male,1982-09-09,43,40-49,106500,3,69,23.3,,ENG-MGR-06,
E00406,2024-02-02,,Active,Finance,Financial Analyst,L2,"Toronto, ON",Hybrid,Full-time,1.0,Female,1992-04-13,34,30-39,68000,4,84,34.6,2025-03-23,FIN-MGR-01,
E00407,2026-01-23,,Active,Human Resources,"Director, People & Culture",L5,"Ottawa, ON",Hybrid,Full-time,1.0,Female,1977-11-26,48,40-49,159000,4,73,40.1,,HUM-MGR-04,
E00408,2025-02-19,,Active,Engineering,Data Engineer,L3,"Montreal, QC",Hybrid,Full-time,1.0,Female,1986-11-13,39,30-39,100000,3,66,13.2,,ENG-MGR-11,
E00409,2021-03-09,,Active,Human Resources,HR Analyst,L2,"Toronto, ON",Hybrid,Full-time,1.0,Female,1986-08-15,39,30-39,60500,3,55,30.9,,HUM-MGR-10,
E00410,2025-04-02,,Active,Engineering,Software Developer,L2,"Ottawa, ON",On-site,Full-time,1.0,Female,1993-05-27,33,30-39,67500,3,75,17.5,,ENG-MGR-10,
E00411,2024-02-21,,Active,Sales,Sales Development Representative,L1,"Toronto, ON",Hybrid,Full-time,1.0,Male,2002-01-01,24,<30,54000,3,58,18.2,,SAL-MGR-01,
E00412,2024-02-27,,Active,Operations,"Director, Operations",L5,"Vancouver, BC",Hybrid,Full-time,1.0,Female,1976-06-09,50,50-59,145000,4,71,4.9,,OPE-MGR-08,
E00413,2024-09-01,,Active,Engineering,Engineering Manager,L4,"Calgary, AB",Hybrid,Full-time,1.0,Male,1982-04-28,44,40-49,122500,4,72,42.0,,ENG-MGR-10,
E00414,2020-05-26,,Active,Customer Success,Customer Success Specialist,L2,"Montreal, QC",On-site,Full-time,1.0,Female,1985-10-25,40,40-49,63000,3,68,30.8,2025-04-01,CUS-MGR-10,
E00415,2022-09-17,,Active,Marketing,Senior Marketing Analyst,L3,"Vancouver, BC",Remote,Full-time,1.0,Female,1982-05-09,44,40-49,100000,4,86,36.2,,MAR-MGR-05,
E00416,2021-06-03,,Active,Sales,"Director, Sales",L5,"Calgary, AB",Remote,Full-time,1.0,Male,1979-11-14,46,40-49,148000,3,77,33.4,2023-11-21,SAL-MGR-03,
E00417,2024-05-23,2025-09-20,Terminated,Customer Success,Customer Success Manager,L4,"Montreal, QC",Remote,Full-time,1.0,Female,1984-10-10,41,40-49,100500,4,69,37.8,,CUS-MGR-10,Retirement
E00418,2019-01-24,,Active,Finance,Senior Financial Analyst,L3,Remote - Canada,Remote,Full-time,1.0,Male,1984-11-05,41,40-49,93500,1,82,0,2024-01-03,FIN-MGR-02,
E00419,2025-11-13,,Active,Engineering,Senior Software Developer,L3,"Toronto, ON",Hybrid,Full-time,1.0,Male,1994-07-03,32,30-39,111000,3,58,37.6,,ENG-MGR-06,
E00420,2024-06-05,,Active,Engineering,Engineering Manager,L4,"Toronto, ON",Remote,Full-time,1.0,Female,1984-07-19,42,40-49,129500,4,73,4.2,,ENG-MGR-08,
E00421,2021-10-07,,Active,Engineering,Data Analyst,L1,"Montreal, QC",On-site,Full-time,1.0,Male,1982-07-10,44,40-49,60000,4,69,22.7,2024-04-24,ENG-MGR-03,
E00422,2023-08-10,,Active,Sales,Senior Sales Operations Analyst,L3,"Toronto, ON",Hybrid,Full-time,1.0,Female,1986-08-18,39,30-39,98000,5,82,50.5,,SAL-MGR-12,
E00423,2023-12-15,,Active,Finance,Financial Analyst,L2,"Toronto, ON",Hybrid,Part-time,0.6,Male,1994-11-26,31,30-39,38000,3,73,29.2,,FIN-MGR-10,
E00424,2023-05-04,,Active,Engineering,Analytics Lead,L4,"Toronto, ON",On-site,Full-time,1.0,Male,1989-09-11,36,30-39,145500,4,81,8.5,,ENG-MGR-01,
E00425,2026-07-21,,Active,Engineering,Lead Software Developer,L4,"Vancouver, BC",Hybrid,Full-time,1.0,Female,1981-08-02,44,40-49,128500,4,70,28.1,,ENG-MGR-06,
E00426,2019-07-21,,Active,Finance,Finance Manager,L4,"Montreal, QC",On-site,Full-time,1.0,Male,1973-01-12,53,50-59,118000,3,54,25.0,,FIN-MGR-12,
E00427,2024-05-14,,Active,Engineering,Senior Data Analyst,L3,"Vancouver, BC",Hybrid,Full-time,1.0,Male,1983-09-18,42,40-49,114500,3,69,13.0,,ENG-MGR-09,
E00428,2022-02-09,,Active,Finance,Finance Coordinator,L1,"Montreal, QC",Remote,Full-time,1.0,Female,1996-02-01,30,30-39,52500,3,82,43.9,,FIN-MGR-10,
E00429,2025-08-01,,Active,Legal & Compliance,Compliance Manager,L4,"Montreal, QC",Remote,Full-time,1.0,Female,1985-04-28,41,40-49,107000,3,71,19.2,,LEG-MGR-06,
E00430,2023-12-29,,Active,Sales,Sales Development Representative,L1,"Montreal, QC",Hybrid,Full-time,1.0,Male,1988-03-21,38,30-39,55000,3,86,15.0,,SAL-MGR-07,
E00431,2023-12-06,,Active,Engineering,Senior Engineering Manager,L5,"Toronto, ON",Hybrid,Full-time,1.0,Female,1980-01-27,46,40-49,174500,3,68,6.3,,ENG-MGR-09,
E00432,2024-03-22,,Active,Operations,Operations Coordinator,L1,"Toronto, ON",Remote,Full-time,1.0,Male,1991-06-19,35,30-39,48500,3,83,16.7,,OPE-MGR-01,
E00433,2025-02-08,,Active,Finance,"Director, Finance",L5,"Montreal, QC",Remote,Full-time,1.0,Female,1982-01-16,44,40-49,144000,1,75,21.9,,FIN-MGR-02,
E00434,2022-03-11,,Active,Human Resources,HR Analyst,L2,"Toronto, ON",On-site,Contract,1.0,Female,1985-02-27,41,40-49,75500,3,73,42.4,2025-09-27,HUM-MGR-05,
E00435,2024-10-30,2025-04-21,Terminated,Customer Success,Customer Success Coordinator,L1,"Montreal, QC",Hybrid,Full-time,1.0,Female,1992-04-02,34,30-39,44000,3,87,12.8,,CUS-MGR-03,Voluntary - Work-Life Balance
E00436,2026-02-11,,Active,Engineering,Data Analyst,L2,"Toronto, ON",Hybrid,Full-time,1.0,Male,1994-07-23,32,30-39,84500,4,66,32.3,,ENG-MGR-10,
E00437,2025-09-13,,Active,Human Resources,Senior HR Analyst,L3,"Vancouver, BC",On-site,Full-time,1.0,Female,1990-08-13,35,30-39,80500,4,61,28.3,,HUM-MGR-12,
E00438,2026-01-18,,Active,Engineering,Data Analyst,L1,"Vancouver, BC",Hybrid,Full-time,1.0,Female,1997-03-17,29,<30,60500,3,83,9.4,,ENG-MGR-04,
E00439,2025-06-25,,Active,Engineering,Senior Software Developer,L3,"Vancouver, BC",On-site,Full-time,1.0,Female,1982-02-11,44,40-49,91000,5,75,19.8,,ENG-MGR-03,
E00440,2022-02-24,,Active,Engineering,Senior Data Analyst,L3,"Toronto, ON",On-site,Full-time,1.0,Non-binary,1985-07-09,41,40-49,113000,2,94,37.9,,ENG-MGR-03,
E00441,2025-01-10,,Active,Operations,Senior Operations Analyst,L3,Remote - Canada,Remote,Full-time,1.0,Male,1987-11-01,38,30-39,92500,2,92,33.6,,OPE-MGR-09,
E00442,2023-12-11,,Active,Human Resources,Talent Management Manager,L4,"Ottawa, ON",Remote,Full-time,1.0,Female,1983-06-20,43,40-49,124500,1,81,18.6,2025-12-23,HUM-MGR-09,
E00443,2022-08-06,,Active,Engineering,Senior Data Analyst,L3,"Montreal, QC",Remote,Full-time,1.0,Male,1987-09-11,38,30-39,94000,3,71,40.2,,ENG-MGR-01,
E00444,2022-09-11,,Active,Operations,Operations Analyst,L2,"Toronto, ON",Hybrid,Full-time,1.0,Male,1994-05-17,32,30-39,71500,4,72,7.7,,OPE-MGR-11,
E00445,2021-09-01,,Active,Customer Success,Customer Success Specialist,L2,"Montreal, QC",Remote,Full-time,1.0,Female,1987-08-26,38,30-39,59000,3,74,8.9,,CUS-MGR-04,
E00446,2020-02-29,2026-02-08,Terminated,Engineering,Junior Software Developer,L1,"Vancouver, BC",On-site,Full-time,1.0,Female,1993-11-21,32,30-39,55000,1,74,47.2,2021-08-29,ENG-MGR-09,Retirement
E00447,2021-11-14,,Active,Operations,"Director, Operations",L5,"Toronto, ON",Hybrid,Full-time,1.0,Female,1967-08-03,58,50-59,158500,4,71,32.5,,OPE-MGR-05,
E00448,2025-01-29,,Active,Finance,Finance Coordinator,L1,"Toronto, ON",Hybrid,Contract,1.0,Male,1986-12-04,39,30-39,57500,2,75,10.1,,FIN-MGR-12,
E00449,2025-05-07,,Active,Sales,Sales Operations Analyst,L2,"Toronto, ON",Hybrid,Full-time,1.0,Male,1993-12-12,32,30-39,66000,4,72,39.6,,SAL-MGR-05,
E00450,2024-09-04,,Active,Engineering,Senior Software Developer,L3,"Calgary, AB",Remote,Full-time,1.0,Female,1994-11-19,31,30-39,105000,4,78,32.7,,ENG-MGR-01,
E00451,2023-01-29,,Active,Engineering,Senior Data Analyst,L3,"Vancouver, BC",Remote,Full-time,1.0,Female,1988-07-17,38,30-39,106000,4,81,52.0,,ENG-MGR-04,
E00452,2024-09-02,,Active,Engineering,Data Analyst,L2,"Toronto, ON",On-site,Full-time,1.0,Male,1993-11-09,32,30-39,77500,2,86,12.9,,ENG-MGR-09,
E00453,2019-05-18,,Active,Sales,Sales Operations Manager,L4,"Vancouver, BC",Hybrid,Full-time,1.0,Female,1972-08-15,53,50-59,135500,4,85,43.8,,SAL-MGR-10,
E00454,2024-06-25,,Active,Engineering,Analytics Lead,L4,"Toronto, ON",Hybrid,Full-time,1.0,Male,1990-06-23,36,30-39,125500,3,64,26.9,,ENG-MGR-04,
E00455,2022-10-22,,Active,Marketing,Marketing Coordinator,L1,"Calgary, AB",Hybrid,Full-time,1.0,Female,1994-02-20,32,30-39,45000,2,87,1.0,,MAR-MGR-12,
E00456,2022-10-04,,Active,Human Resources,HR Analyst,L2,"Vancouver, BC",Hybrid,Full-time,1.0,Female,1996-12-07,29,<30,69500,4,67,27.8,,HUM-MGR-01,
E00457,2023-04-10,2026-03-04,Terminated,Marketing,Senior Marketing Analyst,L3,"Toronto, ON",Hybrid,Full-time,1.0,Male,1990-06-26,36,30-39,95000,3,69,24.3,,MAR-MGR-07,Voluntary - Career Opportunity
E00458,2022-02-21,2025-01-24,Terminated,Operations,Senior Operations Analyst,L3,"Toronto, ON",On-site,Full-time,1.0,Female,1988-08-22,37,30-39,89000,2,86,35.9,,OPE-MGR-08,Voluntary - Work-Life Balance
E00459,2024-01-14,,Active,Marketing,Marketing Analyst,L2,"Montreal, QC",On-site,Full-time,1.0,Male,1991-04-08,35,30-39,67500,3,87,16.8,,MAR-MGR-10,
E00460,2025-09-06,,Active,Operations,Senior Operations Analyst,L3,"Calgary, AB",Remote,Full-time,1.0,Female,1992-04-13,34,30-39,80000,2,80,2.7,,OPE-MGR-09,
E00461,2020-07-15,,Active,Legal & Compliance,Senior Compliance Analyst,L3,"Calgary, AB",Hybrid,Full-time,1.0,Male,1980-05-07,46,40-49,85500,3,84,9.7,,LEG-MGR-05,
E00462,2023-07-15,2024-05-06,Terminated,Operations,Operations Specialist,L2,"Montreal, QC",Hybrid,Full-time,1.0,Female,1994-03-04,32,30-39,56000,3,50,11.8,,OPE-MGR-09,Voluntary - Career Opportunity
E00463,2023-05-30,,Active,Operations,"VP, Operations",L6,"Vancouver, BC",Hybrid,Full-time,1.0,Male,1970-10-25,55,50-59,207000,4,64,23.6,,OPE-MGR-09,
E00464,2026-06-25,,Active,Customer Success,Senior Customer Success Manager,L3,Remote - Canada,Remote,Full-time,1.0,Female,1987-08-27,38,30-39,84500,2,88,24.0,,CUS-MGR-05,
E00465,2024-12-16,2025-04-19,Terminated,Customer Success,Customer Success Coordinator,L1,"Toronto, ON",Hybrid,Full-time,1.0,Female,1996-05-16,30,30-39,50000,3,61,35.7,,CUS-MGR-12,Involuntary - Restructuring
E00466,2026-05-24,,Active,Operations,Senior Operations Specialist,L3,"Toronto, ON",Remote,Full-time,1.0,Male,1990-08-19,35,30-39,84000,3,73,5.9,,OPE-MGR-02,
E00467,2024-06-24,,Active,Human Resources,Senior HR Analyst,L3,"Vancouver, BC",Hybrid,Full-time,1.0,Female,1992-05-03,34,30-39,79500,3,78,12.7,,HUM-MGR-10,
E00468,2020-09-06,,Active,Customer Success,Senior Customer Success Manager,L3,"Calgary, AB",Hybrid,Full-time,1.0,Female,1979-09-17,46,40-49,77000,3,72,43.2,2022-10-03,CUS-MGR-09,
E00469,2021-11-06,,Active,Finance,Finance Coordinator,L1,"Vancouver, BC",Hybrid,Full-time,1.0,Male,1997-03-11,29,<30,60500,4,85,8.8,2025-02-22,FIN-MGR-03,
E00470,2023-07-25,,Active,Operations,Operations Specialist,L2,"Vancouver, BC",Hybrid,Full-time,1.0,Male,1986-02-20,40,40-49,65500,3,91,5.3,,OPE-MGR-04,
E00471,2024-07-18,2025-05-02,Terminated,Operations,Operations Manager,L4,"Toronto, ON",Hybrid,Full-time,1.0,Male,1983-07-02,43,40-49,127500,3,65,14.6,,OPE-MGR-01,Voluntary - Career Opportunity
E00472,2019-11-10,,Active,Engineering,Senior Software Developer,L3,"Toronto, ON",Remote,Full-time,1.0,Female,1983-09-16,42,40-49,114000,2,94,14.2,,ENG-MGR-07,
E00473,2024-04-24,,Active,Human Resources,HR Manager,L4,"Vancouver, BC",Remote,Full-time,1.0,Male,1982-02-27,44,40-49,110500,4,82,18.4,,HUM-MGR-05,
E00474,2023-11-20,,Active,Human Resources,HR Business Partner,L3,"Ottawa, ON",On-site,Full-time,1.0,Male,1982-03-01,44,40-49,80000,3,84,32.9,,HUM-MGR-01,
E00475,2021-06-17,,Active,Engineering,"Director, Engineering",L5,"Vancouver, BC",Hybrid,Full-time,1.0,Female,1975-01-19,51,50-59,160000,4,74,33.9,,ENG-MGR-01,
E00476,2025-10-09,2026-06-20,Terminated,Operations,Operations Coordinator,L1,"Montreal, QC",On-site,Full-time,1.0,Male,1999-03-22,27,<30,42500,3,65,16.7,,OPE-MGR-04,Voluntary - Compensation
E00477,2026-03-18,,Active,Human Resources,Talent Acquisition Specialist,L2,"Vancouver, BC",Remote,Full-time,1.0,Male,1992-11-06,33,30-39,78000,3,79,19.1,,HUM-MGR-06,
E00478,2022-04-25,,Active,Engineering,Software Developer,L2,"Vancouver, BC",Remote,Full-time,1.0,Male,1995-05-14,31,30-39,87500,3,78,29.7,,ENG-MGR-05,
E00479,2024-12-27,,Active,Engineering,Junior Software Developer,L1,"Vancouver, BC",On-site,Full-time,1.0,Male,1993-09-02,32,30-39,57000,3,70,5.6,,ENG-MGR-09,
E00480,2024-07-15,,Active,Engineering,Lead Software Developer,L4,"Vancouver, BC",Remote,Full-time,1.0,Male,1984-03-28,42,40-49,137500,3,78,23.9,,ENG-MGR-02,
E00481,2024-03-11,,Active,Sales,Sales Operations Analyst,L2,"Toronto, ON",Hybrid,Full-time,1.0,Female,1988-01-22,38,30-39,69000,3,73,25.5,,SAL-MGR-01,
E00482,2022-01-18,,Active,Sales,Sales Operations Analyst,L2,"Toronto, ON",Hybrid,Full-time,1.0,Female,1988-11-03,37,30-39,67500,3,70,11.5,2023-06-26,SAL-MGR-04,
E00483,2019-08-30,2025-01-21,Terminated,Engineering,Data Analyst,L2,"Toronto, ON",Hybrid,Full-time,1.0,Male,1984-06-14,42,40-49,77500,4,89,16.9,2025-07-10,ENG-MGR-01,Involuntary - Restructuring
E00484,2026-06-17,,Active,Operations,Operations Manager,L4,"Toronto, ON",Remote,Full-time,1.0,Female,1994-09-07,31,30-39,102500,5,74,30.3,,OPE-MGR-07,
E00485,2025-07-28,,Active,Engineering,"VP, Engineering",L6,"Toronto, ON",Hybrid,Full-time,1.0,Non-binary,1980-03-02,46,40-49,236500,2,71,11.5,,ENG-MGR-09,
E00486,2025-03-11,,Active,Human Resources,HR Analyst,L2,"Montreal, QC",Hybrid,Full-time,1.0,Female,1999-07-11,27,<30,63500,2,80,30.1,,HUM-MGR-10,
E00487,2023-01-14,,Active,Engineering,Data Analyst,L2,Remote - Canada,Remote,Full-time,1.0,Male,1995-06-15,31,30-39,69500,4,87,27.1,,ENG-MGR-03,
E00488,2019-02-21,,Active,Operations,Operations Coordinator,L1,"Montreal, QC",Hybrid,Full-time,1.0,Female,1990-06-07,36,30-39,47500,5,76,10.1,,OPE-MGR-09,
E00489,2020-05-30,,Active,Sales,Account Executive,L2,"Toronto, ON",Remote,Full-time,1.0,Female,1985-09-03,40,40-49,79500,4,81,27.8,,SAL-MGR-05,
E00490,2021-03-01,,Active,Finance,Finance Manager,L4,"Toronto, ON",Hybrid,Full-time,1.0,Male,1984-03-14,42,40-49,105000,3,82,37.8,,FIN-MGR-03,
E00491,2020-01-06,,Active,Marketing,Senior Marketing Analyst,L3,"Montreal, QC",Remote,Full-time,1.0,Male,1979-01-12,47,40-49,89000,3,50,16.4,2024-09-28,MAR-MGR-04,
E00492,2023-03-08,,Active,Finance,Finance Manager,L4,"Montreal, QC",Hybrid,Full-time,1.0,Male,1980-10-25,45,40-49,116000,3,82,39.1,2026-02-04,FIN-MGR-11,
E00493,2018-02-27,,Active,Sales,Senior Sales Operations Analyst,L3,"Montreal, QC",Hybrid,Full-time,1.0,Female,1983-02-23,43,40-49,100000,4,77,23.4,,SAL-MGR-09,
E00494,2025-01-20,,Active,Finance,"Director, Finance",L5,"Montreal, QC",Hybrid,Full-time,1.0,Female,1982-11-12,43,40-49,131000,3,91,12.9,,FIN-MGR-11,
E00495,2021-09-13,,Active,Human Resources,Talent Acquisition Specialist,L2,"Toronto, ON",Remote,Full-time,1.0,Male,1980-02-04,46,40-49,70000,4,67,13.0,,HUM-MGR-03,
E00496,2025-10-25,,Active,Engineering,Senior Data Analyst,L3,"Toronto, ON",Hybrid,Full-time,1.0,Male,1992-02-08,34,30-39,115000,3,75,16.3,,ENG-MGR-02,
E00497,2026-06-21,,Active,Sales,Senior Sales Operations Analyst,L3,"Toronto, ON",Remote,Full-time,1.0,Male,1991-11-16,34,30-39,98500,3,96,20.6,,SAL-MGR-03,
E00498,2024-08-25,,Active,Engineering,"Director, Engineering",L5,"Vancouver, BC",Remote,Full-time,1.0,Male,1981-04-19,45,40-49,191500,5,82,32.9,2026-03-19,ENG-MGR-08,
E00499,2023-07-04,,Active,Sales,"Director, Sales",L5,"Toronto, ON",Remote,Part-time,0.6,Female,1978-04-10,48,40-49,105500,2,80,42.6,,SAL-MGR-10,
E00500,2024-02-26,,Active,Finance,Financial Analyst,L2,Remote - Canada,Remote,Full-time,1.0,Male,1999-03-06,27,<30,71000,4,81,21.5,,FIN-MGR-04,
E00501,2022-04-14,2025-07-04,Terminated,Marketing,Marketing Coordinator,L1,"Toronto, ON",Hybrid,Full-time,1.0,Male,1990-12-05,35,30-39,47500,3,63,29.6,,MAR-MGR-02,Voluntary - Relocation
E00502,2022-09-27,,Active,Engineering,Senior Software Developer,L3,"Vancouver, BC",Hybrid,Full-time,1.0,Female,1973-01-01,53,50-59,110500,4,91,23.3,,ENG-MGR-08,
E00503,2024-10-02,,Active,Human Resources,"Director, People & Culture",L5,"Calgary, AB",Hybrid,Part-time,0.6,Male,1973-11-16,52,50-59,95000,4,70,6.6,,HUM-MGR-11,
E00504,2026-05-22,,Active,Engineering,Software Developer,L2,"Vancouver, BC",Hybrid,Part-time,0.6,Male,1992-08-09,33,30-39,46000,3,80,22.0,,ENG-MGR-10,
E00505,2022-11-17,,Active,Operations,Senior Operations Analyst,L3,"Montreal, QC",Hybrid,Full-time,1.0,Female,1986-03-21,40,40-49,74000,4,55,6.8,,OPE-MGR-04,
E00506,2024-07-04,,Active,Finance,Senior Financial Analyst,L3,"Vancouver, BC",Remote,Full-time,1.0,Female,1989-08-21,36,30-39,100500,5,81,0,,FIN-MGR-03,
E00507,2025-06-11,,Active,Operations,Operations Analyst,L2,"Toronto, ON",Hybrid,Full-time,1.0,Male,1991-01-25,35,30-39,70500,5,55,35.4,,OPE-MGR-02,
E00508,2024-04-11,2025-07-16,Terminated,Customer Success,Customer Success Specialist,L2,"Toronto, ON",Hybrid,Full-time,1.0,Male,1993-10-24,32,30-39,58500,2,75,24.3,,CUS-MGR-11,Voluntary - Work-Life Balance
E00509,2019-03-12,,Active,Customer Success,"Director, Customer Success",L5,"Montreal, QC",On-site,Full-time,1.0,Male,1973-07-28,53,50-59,125000,4,67,33.7,,CUS-MGR-12,
E00510,2024-09-07,2026-01-19,Terminated,Human Resources,HR Analyst,L2,"Montreal, QC",Remote,Full-time,1.0,Female,1982-09-22,43,40-49,67000,4,67,23.1,,HUM-MGR-07,Voluntary - Career Opportunity
E00511,2025-03-08,2026-04-12,Terminated,Engineering,Senior Data Analyst,L3,"Toronto, ON",Hybrid,Full-time,1.0,Female,1987-07-13,39,30-39,110500,3,75,34.1,,ENG-MGR-05,Involuntary - Restructuring
E00512,2024-04-26,,Active,Customer Success,Customer Success Specialist,L2,"Toronto, ON",Hybrid,Full-time,1.0,Female,2001-08-19,24,<30,58000,2,75,24.6,2025-05-26,CUS-MGR-10,
E00513,2026-01-02,,Active,Engineering,Junior Software Developer,L1,"Calgary, AB",Hybrid,Full-time,1.0,Female,1998-05-20,28,<30,49000,3,80,43.3,,ENG-MGR-03,
E00514,2023-06-03,,Active,Sales,Senior Sales Operations Analyst,L3,"Montreal, QC",Hybrid,Full-time,1.0,Male,1987-10-14,38,30-39,78500,2,70,12.2,,SAL-MGR-11,
E00515,2023-05-14,,Active,Engineering,"Director, Engineering",L5,"Toronto, ON",Remote,Full-time,1.0,Female,1976-07-15,50,50-59,155500,3,50,26.5,2026-02-25,ENG-MGR-09,
E00516,2025-04-13,2026-03-20,Terminated,Operations,Senior Operations Analyst,L3,"Toronto, ON",On-site,Full-time,1.0,Female,1983-02-28,43,40-49,85500,3,65,25.1,,OPE-MGR-07,Voluntary - Compensation
E00517,2022-09-06,,Active,Customer Success,Customer Success Manager,L4,Remote - Canada,Remote,Full-time,1.0,Female,1982-12-20,43,40-49,110500,4,71,35.7,2026-03-08,CUS-MGR-10,
E00518,2023-01-31,,Active,Human Resources,Senior HR Analyst,L3,"Toronto, ON",Remote,Full-time,1.0,Male,1990-11-27,35,30-39,90000,3,91,33.7,2024-11-19,HUM-MGR-04,
E00519,2024-07-29,,Active,Operations,Operations Coordinator,L1,"Toronto, ON",Remote,Full-time,1.0,Female,1999-01-20,27,<30,46500,3,92,40.8,,OPE-MGR-04,
E00520,2025-01-03,,Active,Engineering,Data Analyst,L2,"Vancouver, BC",Hybrid,Full-time,1.0,Male,1994-08-17,31,30-39,88000,4,73,10.0,2026-04-08,ENG-MGR-10,
E00521,2024-07-01,,Active,Operations,Senior Operations Analyst,L3,"Toronto, ON",Remote,Full-time,1.0,Male,1983-01-08,43,40-49,96500,4,83,47.3,,OPE-MGR-11,
E00522,2026-06-08,,Active,Sales,Sales Operations Analyst,L2,Remote - Canada,Remote,Full-time,1.0,Male,1991-02-06,35,30-39,73000,3,65,20.7,,SAL-MGR-01,
E00523,2022-12-16,,Active,Human Resources,"Director, People & Culture",L5,"Toronto, ON",Hybrid,Full-time,1.0,Male,1972-07-16,54,50-59,150000,1,88,25.0,,HUM-MGR-10,
E00524,2023-03-30,,Active,Customer Success,Customer Success Specialist,L2,"Montreal, QC",Hybrid,Full-time,1.0,Female,1983-11-16,42,40-49,57000,3,63,30.6,,CUS-MGR-09,
E00525,2021-01-17,,Active,Engineering,Senior Engineering Manager,L5,Remote - Canada,Remote,Full-time,1.0,Female,1970-09-01,55,50-59,161000,3,77,29.0,,ENG-MGR-05,
E00526,2023-06-21,2024-02-10,Terminated,Engineering,Data Engineer,L3,"Toronto, ON",Hybrid,Full-time,1.0,Male,1981-05-21,45,40-49,98500,3,77,38.1,2024-08-16,ENG-MGR-10,Voluntary - Compensation
E00527,2025-11-05,,Active,Human Resources,Talent Management Manager,L4,"Vancouver, BC",Hybrid,Full-time,1.0,Female,1978-11-02,47,40-49,103000,4,68,30.1,,HUM-MGR-01,
E00528,2024-04-16,,Active,Customer Success,Customer Success Specialist,L2,"Toronto, ON",Remote,Full-time,1.0,Male,1984-12-27,41,40-49,64000,3,78,51.1,2025-10-21,CUS-MGR-11,
E00529,2023-11-15,,Active,Marketing,Senior Marketing Analyst,L3,"Vancouver, BC",Hybrid,Full-time,1.0,Non-binary,1985-08-25,40,40-49,91000,3,56,46.0,,MAR-MGR-11,
E00530,2024-05-14,,Active,Engineering,Software Developer,L2,"Montreal, QC",Remote,Full-time,1.0,Female,1993-04-10,33,30-39,71500,3,82,31.3,,ENG-MGR-12,
E00531,2023-08-27,,Active,Operations,Senior Operations Specialist,L3,"Toronto, ON",Hybrid,Full-time,1.0,Male,1982-04-10,44,40-49,77500,3,80,2.4,,OPE-MGR-04,
E00532,2024-02-01,,Active,Human Resources,HR Business Partner,L3,"Montreal, QC",Hybrid,Full-time,1.0,Female,1982-04-10,44,40-49,90000,3,69,20.4,,HUM-MGR-01,
E00533,2020-07-08,,Active,Finance,Financial Analyst,L2,"Toronto, ON",Hybrid,Full-time,1.0,Female,1983-11-15,42,40-49,75500,3,81,16.6,,FIN-MGR-02,
E00534,2019-09-19,,Active,Operations,Senior Operations Specialist,L3,"Toronto, ON",On-site,Full-time,1.0,Male,1985-08-17,40,40-49,93500,3,87,28.9,,OPE-MGR-02,
E00535,2024-01-06,,Active,Customer Success,Customer Success Manager,L4,Remote - Canada,Remote,Full-time,1.0,Female,1976-05-20,50,50-59,104500,3,63,0,2025-05-03,CUS-MGR-02,
E00536,2023-01-24,,Active,Customer Success,Customer Success Coordinator,L1,"Ottawa, ON",Hybrid,Full-time,1.0,Male,1995-05-27,31,30-39,49500,1,76,27.1,,CUS-MGR-10,
E00537,2025-07-19,,Active,Finance,Finance Coordinator,L1,"Vancouver, BC",Remote,Full-time,1.0,Male,1989-09-27,36,30-39,58000,2,81,39.2,,FIN-MGR-11,
E00538,2023-05-08,,Active,Engineering,Analytics Lead,L4,"Calgary, AB",Hybrid,Full-time,1.0,Female,1975-03-26,51,50-59,132500,4,69,20.0,2026-06-27,ENG-MGR-08,
E00539,2026-05-06,,Active,Engineering,Analytics Lead,L4,"Toronto, ON",Remote,Full-time,1.0,Male,1983-07-11,43,40-49,127000,3,91,22.0,,ENG-MGR-11,
E00540,2025-01-23,,Active,Engineering,Senior Software Developer,L3,"Montreal, QC",Hybrid,Part-time,0.6,Male,1984-04-08,42,40-49,60000,3,86,0,,ENG-MGR-03,
E00541,2026-01-21,,Active,Engineering,Engineering Manager,L4,"Calgary, AB",Remote,Full-time,1.0,Male,1977-05-06,49,40-49,139500,3,81,24.4,,ENG-MGR-02,
E00542,2022-06-07,,Active,Operations,Operations Analyst,L2,"Toronto, ON",Hybrid,Full-time,1.0,Male,1995-07-06,31,30-39,70000,4,72,20.2,,OPE-MGR-04,
E00543,2024-02-15,2026-01-02,Terminated,Engineering,Senior Software Developer,L3,"Vancouver, BC",Hybrid,Full-time,1.0,Female,1977-02-02,49,40-49,113000,5,57,7.5,,ENG-MGR-11,Voluntary - Work-Life Balance
E00544,2023-06-01,,Active,Engineering,"Director, Engineering",L5,"Calgary, AB",On-site,Full-time,1.0,Female,1972-08-02,53,50-59,184500,3,96,20.8,,ENG-MGR-09,
E00545,2026-05-22,,Active,Sales,Sales Development Representative,L1,"Toronto, ON",Hybrid,Part-time,0.6,Female,1994-04-11,32,30-39,31500,4,64,31.7,,SAL-MGR-01,
E00546,2026-07-02,,Active,Engineering,Software Developer,L2,"Toronto, ON",On-site,Full-time,1.0,Male,1986-06-13,40,40-49,83500,5,75,10.5,,ENG-MGR-09,
E00547,2024-12-08,,Active,Finance,Financial Analyst,L2,"Toronto, ON",Hybrid,Full-time,1.0,Non-binary,1990-03-25,36,30-39,62500,4,65,22.3,2026-02-01,FIN-MGR-05,
E00548,2026-04-28,,Active,Marketing,Marketing Specialist,L2,Remote - Canada,Remote,Full-time,1.0,Non-binary,1991-03-25,35,30-39,61000,3,73,35.6,,MAR-MGR-07,
E00549,2023-10-16,,Active,Customer Success,Senior Customer Success Manager,L3,"Vancouver, BC",Hybrid,Full-time,1.0,Female,1984-12-07,41,40-49,86500,3,62,27.8,,CUS-MGR-07,
E00550,2024-06-27,,Active,Engineering,Senior Data Analyst,L3,"Toronto, ON",On-site,Full-time,1.0,Female,1981-08-09,44,40-49,114000,4,59,12.1,,ENG-MGR-05,
E00551,2025-07-13,,Active,Marketing,"VP, Marketing",L6,"Toronto, ON",Hybrid,Full-time,1.0,Female,1973-07-01,53,50-59,196000,3,79,0,,MAR-MGR-06,
E00552,2025-11-14,2026-05-01,Terminated,Operations,Senior Operations Analyst,L3,"Toronto, ON",Remote,Full-time,1.0,Male,1991-10-01,34,30-39,79000,3,71,30.4,,OPE-MGR-05,Voluntary - Work-Life Balance
E00553,2021-10-14,,Active,Engineering,Senior Software Developer,L3,"Vancouver, BC",Hybrid,Full-time,1.0,Male,1981-04-26,45,40-49,115000,2,74,22.9,,ENG-MGR-09,
E00554,2021-01-16,,Active,Finance,Finance Manager,L4,Remote - Canada,Remote,Full-time,1.0,Female,1978-10-21,47,40-49,126500,4,66,36.2,2025-12-08,FIN-MGR-03,
E00555,2024-05-02,,Active,Sales,Senior Sales Operations Analyst,L3,"Vancouver, BC",Hybrid,Full-time,1.0,Female,1986-05-10,40,40-49,100500,3,78,8.6,,SAL-MGR-08,
E00556,2023-10-02,2025-10-28,Terminated,Engineering,Junior Software Developer,L1,"Montreal, QC",Hybrid,Full-time,1.0,Male,1991-09-03,34,30-39,49500,5,82,22.1,,ENG-MGR-04,Voluntary - Career Opportunity
E00557,2023-07-17,2024-06-22,Terminated,Sales,Sales Manager,L4,"Ottawa, ON",Hybrid,Full-time,1.0,Male,1983-07-08,43,40-49,116500,3,68,37.6,,SAL-MGR-02,Voluntary - Compensation
E00558,2023-11-26,2025-12-06,Terminated,Legal & Compliance,Compliance Coordinator,L1,"Vancouver, BC",Hybrid,Full-time,1.0,Male,2000-06-27,26,<30,51500,4,96,25.9,2026-01-05,LEG-MGR-05,Involuntary - Performance
E00559,2026-01-24,,Active,Customer Success,Customer Success Manager,L4,"Calgary, AB",Hybrid,Full-time,1.0,Male,1984-11-27,41,40-49,109500,4,66,12.0,,CUS-MGR-11,
E00560,2024-01-05,,Active,Engineering,Data Engineer,L3,"Calgary, AB",Hybrid,Full-time,1.0,Female,1984-01-08,42,40-49,104500,5,79,11.8,,ENG-MGR-09,
E00561,2021-01-06,,Active,Engineering,Junior Software Developer,L1,"Calgary, AB",Hybrid,Full-time,1.0,Female,1991-09-03,34,30-39,61500,1,71,15.5,,ENG-MGR-02,
E00562,2024-03-11,,Active,Sales,Senior Account Executive,L3,"Toronto, ON",On-site,Full-time,1.0,Male,1985-07-06,41,40-49,93500,2,85,8.2,,SAL-MGR-01,
E00563,2025-01-02,,Active,Sales,Sales Operations Analyst,L2,"Toronto, ON",Remote,Full-time,1.0,Female,1989-07-14,37,30-39,77500,3,80,30.6,,SAL-MGR-03,
E00564,2023-04-26,,Active,Sales,Account Executive,L2,"Toronto, ON",Hybrid,Full-time,1.0,Female,1991-08-02,34,30-39,66500,2,73,24.7,2026-01-31,SAL-MGR-07,
E00565,2026-07-16,,Active,Customer Success,Senior Customer Success Manager,L3,"Toronto, ON",Hybrid,Full-time,1.0,Female,1992-10-01,33,30-39,78500,3,69,40.8,,CUS-MGR-12,
E00566,2022-07-04,,Active,Human Resources,Talent Acquisition Specialist,L2,"Toronto, ON",Remote,Full-time,1.0,Female,1995-03-21,31,30-39,66500,5,71,58.9,2025-05-24,HUM-MGR-12,
E00567,2025-10-15,,Active,Sales,Sales Manager,L4,"Calgary, AB",Remote,Full-time,1.0,Male,1984-01-14,42,40-49,122500,2,93,30.4,,SAL-MGR-02,
E00568,2024-05-13,,Active,Operations,"Director, Operations",L5,"Montreal, QC",Remote,Full-time,1.0,Female,1988-05-24,38,30-39,124500,1,64,27.6,,OPE-MGR-08,
E00569,2019-06-03,,Active,Operations,"Director, Operations",L5,"Montreal, QC",Hybrid,Full-time,1.0,Female,1974-10-16,51,50-59,146500,4,79,20.8,,OPE-MGR-05,
E00570,2022-09-30,,Active,Human Resources,Talent Acquisition Specialist,L2,"Toronto, ON",Remote,Full-time,1.0,Male,1992-07-21,34,30-39,73500,4,72,23.9,2025-08-16,HUM-MGR-02,
E00571,2025-12-17,,Active,Engineering,Data Analyst,L1,"Montreal, QC",Hybrid,Full-time,1.0,Male,1992-06-22,34,30-39,56000,3,69,20.6,,ENG-MGR-04,
E00572,2025-09-12,,Active,Marketing,Marketing Specialist,L2,"Toronto, ON",Hybrid,Full-time,1.0,Male,1988-02-22,38,30-39,75000,3,67,35.2,,MAR-MGR-07,
E00573,2022-12-02,,Active,Finance,Financial Analyst,L2,"Vancouver, BC",Hybrid,Contract,1.0,Male,1992-08-16,33,30-39,68000,3,82,34.3,2025-08-03,FIN-MGR-01,
E00574,2025-12-20,,Active,Sales,Account Executive,L2,"Montreal, QC",Hybrid,Full-time,1.0,Male,1991-10-11,34,30-39,68000,4,72,63.0,,SAL-MGR-11,
E00575,2024-01-04,,Active,Engineering,Senior Software Developer,L3,"Montreal, QC",Remote,Full-time,1.0,Male,1986-12-24,39,30-39,86000,5,65,14.3,2025-11-20,ENG-MGR-06,
E00576,2024-08-18,,Active,Sales,Sales Development Representative,L1,"Vancouver, BC",On-site,Full-time,1.0,Male,1991-08-17,34,30-39,57000,3,74,16.6,,SAL-MGR-06,
E00577,2021-11-01,,Active,Operations,Senior Operations Analyst,L3,"Toronto, ON",On-site,Full-time,1.0,Male,1979-09-16,46,40-49,87000,3,72,22.4,,OPE-MGR-09,
E00578,2026-07-18,,Active,Customer Success,Customer Success Coordinator,L1,"Toronto, ON",Hybrid,Full-time,1.0,Male,2004-11-02,21,<30,53500,3,83,21.5,,CUS-MGR-01,
E00579,2018-03-26,,Active,Customer Success,Senior Customer Success Manager,L3,"Vancouver, BC",Hybrid,Part-time,0.6,Male,1985-11-02,40,40-49,52000,4,80,24.4,,CUS-MGR-07,
E00580,2025-01-30,,Active,Engineering,Senior Software Developer,L3,"Vancouver, BC",Hybrid,Full-time,1.0,Male,1984-11-20,41,40-49,110000,4,74,22.7,,ENG-MGR-01,
E00581,2026-03-07,,Active,Finance,Finance Manager,L4,"Calgary, AB",Hybrid,Contract,1.0,Female,1979-10-28,46,40-49,127000,4,74,32.3,,FIN-MGR-03,
E00582,2018-04-02,,Active,Legal & Compliance,"Director, Legal & Compliance",L5,"Montreal, QC",Remote,Full-time,1.0,Male,1974-09-14,51,50-59,147000,1,68,26.7,2025-09-30,LEG-MGR-11,
E00583,2024-08-14,,Active,Operations,Operations Manager,L4,"Toronto, ON",Remote,Full-time,1.0,Female,1984-02-15,42,40-49,113000,5,54,4.7,,OPE-MGR-08,
E00584,2019-06-01,,Active,Sales,Sales Operations Manager,L4,"Vancouver, BC",Hybrid,Full-time,1.0,Male,1976-11-14,49,40-49,124500,5,68,33.8,,SAL-MGR-12,
E00585,2026-06-15,,Active,Finance,Financial Analyst,L2,"Vancouver, BC",Hybrid,Full-time,1.0,Male,1996-02-22,30,30-39,64500,4,71,34.0,,FIN-MGR-01,
E00586,2024-05-03,,Active,Engineering,Data Analyst,L1,"Calgary, AB",On-site,Full-time,1.0,Female,1993-07-11,33,30-39,57500,3,80,26.7,2026-03-03,ENG-MGR-06,
E00587,2024-05-03,,Active,Operations,Operations Manager,L4,"Montreal, QC",Hybrid,Full-time,1.0,Male,1982-03-15,44,40-49,95500,2,71,10.2,,OPE-MGR-06,
E00588,2025-11-16,2026-07-29,Terminated,Marketing,"Director, Marketing",L5,"Montreal, QC",Hybrid,Full-time,1.0,Female,1973-04-05,53,50-59,125500,3,71,30.7,,MAR-MGR-04,Voluntary - Compensation
E00589,2019-03-21,,Active,Operations,Operations Manager,L4,"Toronto, ON",On-site,Contract,1.0,Male,1973-08-12,52,50-59,120500,5,71,27.8,,OPE-MGR-06,
E00590,2025-09-14,,Active,Operations,Senior Operations Specialist,L3,"Calgary, AB",Remote,Full-time,1.0,Female,1985-02-17,41,40-49,77000,5,68,0,,OPE-MGR-02,
E00591,2018-06-21,,Active,Marketing,Marketing Coordinator,L1,"Montreal, QC",On-site,Full-time,1.0,Female,1986-12-10,39,30-39,44000,3,71,23.4,,MAR-MGR-03,
E00592,2020-09-09,,Active,Engineering,Senior Software Developer,L3,"Ottawa, ON",Hybrid,Full-time,1.0,Female,1979-12-06,46,40-49,106500,3,83,33.7,2023-06-21,ENG-MGR-01,
E00593,2025-02-04,2025-10-04,Terminated,Legal & Compliance,Compliance Manager,L4,"Toronto, ON",On-site,Full-time,1.0,Female,1985-04-27,41,40-49,139000,3,66,27.6,,LEG-MGR-08,Voluntary - Work-Life Balance
E00594,2023-09-03,,Active,Marketing,Senior Marketing Analyst,L3,"Calgary, AB",Hybrid,Full-time,1.0,Female,1985-12-08,40,40-49,84500,5,81,14.8,,MAR-MGR-07,
E00595,2025-07-24,,Active,Operations,"VP, Operations",L6,"Montreal, QC",Remote,Full-time,1.0,Female,1976-09-25,49,40-49,172500,3,59,38.8,,OPE-MGR-06,
E00596,2021-11-21,,Active,Human Resources,Senior HR Analyst,L3,"Vancouver, BC",On-site,Full-time,1.0,Male,1992-04-08,34,30-39,95500,3,43,37.9,,HUM-MGR-02,
E00597,2023-01-31,,Active,Human Resources,HR Analyst,L2,"Toronto, ON",On-site,Full-time,1.0,Female,1991-12-14,34,30-39,72000,4,66,33.3,2024-09-10,HUM-MGR-02,
E00598,2018-10-16,,Active,Marketing,Marketing Coordinator,L1,"Vancouver, BC",On-site,Full-time,1.0,Male,1997-10-17,28,<30,56000,5,82,23.3,,MAR-MGR-04,
E00599,2026-06-22,,Active,Operations,Operations Analyst,L2,Remote - Canada,Remote,Full-time,1.0,Male,1992-05-16,34,30-39,60000,2,82,17.2,,OPE-MGR-06,
E00600,2026-01-22,,Active,Customer Success,Customer Success Specialist,L2,"Calgary, AB",On-site,Full-time,1.0,Female,1998-09-20,27,<30,66500,4,82,49.0,,CUS-MGR-02,
E00601,2025-06-05,2025-11-15,Terminated,Customer Success,"Director, Customer Success",L5,"Calgary, AB",Hybrid,Full-time,1.0,Male,1981-01-06,45,40-49,128000,3,84,25.9,,CUS-MGR-03,Voluntary - Work-Life Balance
E00602,2025-05-30,,Active,Human Resources,HR Analyst,L2,"Montreal, QC",Hybrid,Full-time,1.0,Male,1987-09-12,38,30-39,71000,4,84,16.4,,HUM-MGR-12,
E00603,2023-05-22,,Active,Engineering,Data Engineer,L3,"Montreal, QC",Remote,Full-time,1.0,Male,1993-08-02,32,30-39,102500,3,72,13.6,,ENG-MGR-12,
E00604,2025-12-12,,Active,Customer Success,Customer Success Coordinator,L1,"Vancouver, BC",On-site,Full-time,1.0,Male,1999-06-19,27,<30,47500,3,70,27.3,,CUS-MGR-05,
E00605,2025-04-10,2025-11-24,Terminated,Sales,Senior Account Executive,L3,"Vancouver, BC",Hybrid,Full-time,1.0,Female,1990-08-21,35,30-39,105500,2,73,21.2,,SAL-MGR-08,Voluntary - Compensation
E00606,2021-09-19,,Active,Marketing,Marketing Manager,L4,"Montreal, QC",Hybrid,Full-time,1.0,Male,1978-04-25,48,40-49,116500,4,69,6.9,,MAR-MGR-11,
E00607,2022-08-09,,Active,Engineering,Senior Data Analyst,L3,"Toronto, ON",Hybrid,Full-time,1.0,Female,1977-11-05,48,40-49,97500,3,70,2.8,2026-05-07,ENG-MGR-05,
E00608,2026-05-09,,Active,Customer Success,"Director, Customer Success",L5,"Toronto, ON",Hybrid,Full-time,1.0,Male,1984-03-15,42,40-49,157500,3,69,0,,CUS-MGR-08,
E00609,2019-12-25,2025-03-30,Terminated,Customer Success,Senior Customer Success Manager,L3,"Ottawa, ON",On-site,Full-time,1.0,Male,1986-09-19,39,30-39,92000,3,76,25.3,2021-10-16,CUS-MGR-06,Voluntary - Compensation
E00610,2025-08-07,,Active,Finance,Finance Coordinator,L1,"Montreal, QC",Hybrid,Full-time,1.0,Male,1998-03-24,28,<30,53000,3,67,0,,FIN-MGR-01,
E00611,2023-12-10,,Active,Engineering,Software Developer,L2,"Toronto, ON",Hybrid,Full-time,1.0,Female,1989-10-26,36,30-39,81000,3,59,40.4,,ENG-MGR-06,
E00612,2019-12-05,,Active,Engineering,Senior Engineering Manager,L5,"Vancouver, BC",Hybrid,Full-time,1.0,Male,1972-11-06,53,50-59,198500,2,79,19.5,2024-02-03,ENG-MGR-07,
E00613,2021-09-21,2025-09-04,Terminated,Sales,Sales Development Representative,L1,"Calgary, AB",Remote,Full-time,1.0,Male,1985-03-14,41,40-49,54000,2,81,21.8,,SAL-MGR-08,Voluntary - Career Opportunity
E00614,2023-10-16,,Active,Sales,"Director, Sales",L5,"Toronto, ON",Hybrid,Full-time,1.0,Female,1974-09-07,51,50-59,173000,3,74,46.2,,SAL-MGR-05,
E00615,2022-02-21,,Active,Finance,Finance Manager,L4,"Toronto, ON",Remote,Full-time,1.0,Female,1980-01-23,46,40-49,121500,3,67,40.2,,FIN-MGR-10,
E00616,2023-09-07,,Active,Customer Success,Customer Success Specialist,L2,"Montreal, QC",Remote,Part-time,0.6,Male,1991-08-13,34,30-39,34500,4,75,24.6,,CUS-MGR-03,
E00617,2023-07-23,,Active,Engineering,Software Developer,L2,"Calgary, AB",On-site,Full-time,1.0,Female,1987-03-26,39,30-39,83000,4,67,43.3,,ENG-MGR-09,
E00618,2025-05-09,,Active,Finance,Finance Manager,L4,"Montreal, QC",On-site,Full-time,1.0,Male,1978-01-22,48,40-49,124500,4,83,0,,FIN-MGR-02,
E00619,2025-06-16,,Active,Engineering,"Director, Engineering",L5,"Toronto, ON",On-site,Full-time,1.0,Female,1979-09-19,46,40-49,169000,3,56,20.8,,ENG-MGR-10,
E00620,2025-11-12,,Active,Engineering,Senior Software Developer,L3,"Toronto, ON",Remote,Full-time,1.0,Male,1992-11-03,33,30-39,98500,4,81,37.3,,ENG-MGR-09,
E00621,2026-05-02,,Active,Operations,Operations Analyst,L2,"Toronto, ON",Remote,Full-time,1.0,Female,1994-03-15,32,30-39,60500,4,63,25.5,,OPE-MGR-08,
E00622,2024-05-21,,Active,Operations,Senior Operations Specialist,L3,"Montreal, QC",Hybrid,Full-time,1.0,Male,1985-06-02,41,40-49,76500,2,75,24.6,,OPE-MGR-12,
E00623,2025-08-12,,Active,Marketing,Marketing Specialist,L2,Remote - Canada,Remote,Full-time,1.0,Female,1990-11-21,35,30-39,69500,5,96,29.5,,MAR-MGR-06,
E00624,2023-06-30,,Active,Engineering,Analytics Lead,L4,"Ottawa, ON",Remote,Full-time,1.0,Male,1984-03-24,42,40-49,128500,4,76,3.3,,ENG-MGR-08,
E00625,2023-03-13,,Active,Human Resources,People Analytics Specialist,L3,"Toronto, ON",Remote,Contract,1.0,Female,1985-09-28,40,40-49,99000,4,70,33.9,,HUM-MGR-01,
E00626,2023-08-31,,Active,Engineering,Software Developer,L2,"Toronto, ON",Hybrid,Full-time,1.0,Female,1982-03-16,44,40-49,87000,5,87,0,,ENG-MGR-05,
E00627,2026-06-28,,Active,Finance,Financial Analyst,L2,Remote - Canada,Remote,Full-time,1.0,Non-binary,1992-09-22,33,30-39,62000,4,70,24.4,,FIN-MGR-10,
E00628,2021-07-01,,Active,Customer Success,"Director, Customer Success",L5,"Calgary, AB",Hybrid,Full-time,1.0,Male,1975-05-25,51,50-59,153000,4,78,25.3,,CUS-MGR-04,
E00629,2021-01-12,,Active,Marketing,Senior Marketing Analyst,L3,"Vancouver, BC",Hybrid,Full-time,1.0,Female,1980-05-19,46,40-49,80500,5,72,27.0,,MAR-MGR-11,
E00630,2026-03-25,,Active,Legal & Compliance,Senior Compliance Analyst,L3,"Calgary, AB",Hybrid,Full-time,1.0,Female,1990-08-23,35,30-39,100500,3,67,0,,LEG-MGR-12,
E00631,2024-04-10,,Active,Customer Success,Customer Success Specialist,L2,"Montreal, QC",Hybrid,Full-time,1.0,Female,1993-09-02,32,30-39,61000,4,80,23.5,2026-06-14,CUS-MGR-10,
E00632,2021-07-12,2024-07-23,Terminated,Customer Success,Customer Success Specialist,L2,"Montreal, QC",Hybrid,Full-time,1.0,Female,1980-03-05,46,40-49,70000,4,82,22.2,,CUS-MGR-10,Voluntary - Career Opportunity
E00633,2023-08-29,,Active,Engineering,Software Developer,L2,"Montreal, QC",Remote,Full-time,1.0,Male,1988-09-02,37,30-39,68500,3,78,38.7,,ENG-MGR-07,
E00634,2022-07-19,,Active,Engineering,Data Analyst,L2,"Vancouver, BC",Hybrid,Full-time,1.0,Male,1984-03-12,42,40-49,75000,2,64,28.2,2024-07-01,ENG-MGR-04,
E00635,2022-04-29,,Active,Operations,Operations Coordinator,L1,"Toronto, ON",Remote,Full-time,1.0,Male,1999-04-03,27,<30,47500,4,71,11.2,,OPE-MGR-03,
E00636,2018-08-14,,Active,Engineering,Software Developer,L2,Remote - Canada,Remote,Full-time,1.0,Male,1988-02-07,38,30-39,65000,5,74,12.9,,ENG-MGR-11,
E00637,2026-02-19,,Active,Engineering,Senior Data Analyst,L3,"Toronto, ON",Hybrid,Full-time,1.0,Male,1987-10-23,38,30-39,111000,4,57,12.9,,ENG-MGR-08,
E00638,2018-02-22,,Active,Engineering,Senior Data Analyst,L3,"Vancouver, BC",Remote,Full-time,1.0,Male,1983-07-10,43,40-49,115000,3,85,22.9,,ENG-MGR-01,
E00639,2021-01-01,,Active,Engineering,Senior Software Developer,L3,"Toronto, ON",Remote,Full-time,1.0,Male,1981-08-16,44,40-49,107500,3,77,0,,ENG-MGR-09,
E00640,2023-10-25,,Active,Engineering,Data Analyst,L2,"Vancouver, BC",Hybrid,Full-time,1.0,Male,1989-07-09,37,30-39,73000,3,59,19.9,,ENG-MGR-03,
E00641,2024-03-04,,Active,Engineering,Data Analyst,L2,"Calgary, AB",Hybrid,Full-time,1.0,Female,1998-08-01,27,<30,83500,2,64,31.3,,ENG-MGR-11,
E00642,2018-03-15,,Active,Sales,Sales Operations Manager,L4,"Toronto, ON",Remote,Full-time,1.0,Female,1974-09-09,51,50-59,112500,3,71,28.7,,SAL-MGR-09,
E00643,2026-04-23,,Active,Customer Success,Senior Customer Success Manager,L3,"Toronto, ON",On-site,Full-time,1.0,Female,1992-01-01,34,30-39,94500,3,84,34.6,,CUS-MGR-10,
E00644,2025-05-16,,Active,Customer Success,Customer Success Specialist,L2,"Vancouver, BC",Hybrid,Full-time,1.0,Non-binary,1990-05-07,36,30-39,61000,4,57,22.4,,CUS-MGR-03,
E00645,2023-09-25,,Active,Finance,Financial Analyst,L2,"Toronto, ON",Remote,Full-time,1.0,Female,1990-01-28,36,30-39,70000,2,59,19.3,,FIN-MGR-01,
E00646,2020-05-27,,Active,Operations,"Director, Operations",L5,"Vancouver, BC",Hybrid,Full-time,1.0,Female,1969-01-22,57,50-59,161000,3,84,33.5,,OPE-MGR-10,
E00647,2026-06-17,,Active,Human Resources,HR Analyst,L2,"Montreal, QC",Hybrid,Full-time,1.0,Male,1989-03-12,37,30-39,60500,2,67,10.4,,HUM-MGR-02,
E00648,2026-04-02,,Active,Engineering,Lead Software Developer,L4,"Vancouver, BC",Hybrid,Full-time,1.0,Male,1986-11-01,39,30-39,123000,5,57,13.5,,ENG-MGR-09,
E00649,2024-09-17,,Active,Engineering,"VP, Engineering",L6,"Ottawa, ON",Hybrid,Full-time,1.0,Male,1976-03-26,50,50-59,195000,3,86,26.9,,ENG-MGR-11,
E00650,2025-05-01,,Active,Engineering,Data Analyst,L1,"Vancouver, BC",Remote,Full-time,1.0,Male,1991-10-14,34,30-39,54000,4,82,13.7,,ENG-MGR-12,
E00651,2023-01-07,,Active,Operations,Senior Operations Analyst,L3,"Vancouver, BC",Hybrid,Full-time,1.0,Female,1989-01-15,37,30-39,89500,3,67,40.9,,OPE-MGR-04,
E00652,2025-04-29,,Active,Engineering,Senior Software Developer,L3,Remote - Canada,Remote,Full-time,1.0,Female,1999-07-13,27,<30,106500,3,96,33.7,,ENG-MGR-12,
E00653,2025-06-20,2026-02-18,Terminated,Engineering,Software Developer,L2,"Toronto, ON",Hybrid,Full-time,1.0,Female,1983-01-19,43,40-49,86500,4,46,25.3,,ENG-MGR-08,Voluntary - Compensation
E00654,2025-10-04,,Active,Sales,Sales Development Representative,L1,"Toronto, ON",Hybrid,Full-time,1.0,Female,1998-02-22,28,<30,60000,3,82,24.3,,SAL-MGR-03,
E00655,2023-12-09,,Active,Customer Success,Customer Success Specialist,L2,"Toronto, ON",Remote,Full-time,1.0,Female,1978-04-15,48,40-49,65500,4,76,18.6,,CUS-MGR-11,
E00656,2024-10-14,,Active,Sales,Account Executive,L2,Remote - Canada,Remote,Full-time,1.0,Female,1997-04-15,29,<30,69500,4,77,20.8,,SAL-MGR-03,
E00657,2023-05-24,2024-11-30,Terminated,Operations,Operations Specialist,L2,"Calgary, AB",On-site,Full-time,1.0,Female,1989-05-02,37,30-39,71500,2,66,20.7,,OPE-MGR-10,Voluntary - Compensation
E00658,2025-05-17,,Active,Operations,"Director, Operations",L5,Remote - Canada,Remote,Full-time,1.0,Male,1983-03-28,43,40-49,127000,3,72,22.2,,OPE-MGR-02,
E00659,2018-04-06,,Active,Engineering,Junior Software Developer,L1,"Toronto, ON",On-site,Full-time,1.0,Female,1990-08-20,35,30-39,64000,3,69,31.1,,ENG-MGR-08,
E00660,2024-11-01,,Active,Customer Success,Senior Customer Success Manager,L3,"Toronto, ON",Hybrid,Part-time,0.6,Male,1981-08-03,44,40-49,53000,4,93,30.3,,CUS-MGR-03,
E00661,2026-03-19,,Active,Operations,Operations Coordinator,L1,"Vancouver, BC",Hybrid,Full-time,1.0,Female,1989-08-19,36,30-39,44000,3,73,6.1,,OPE-MGR-11,
E00662,2023-11-30,,Active,Human Resources,HR Coordinator,L1,"Vancouver, BC",Remote,Full-time,1.0,Female,1991-08-14,34,30-39,49000,5,93,30.6,,HUM-MGR-10,
E00663,2021-09-23,2026-01-27,Terminated,Marketing,Marketing Specialist,L2,"Calgary, AB",Remote,Full-time,1.0,Female,1983-10-06,42,40-49,68000,2,93,34.3,,MAR-MGR-10,Voluntary - Career Opportunity
E00664,2023-10-15,,Active,Customer Success,"Director, Customer Success",L5,"Montreal, QC",On-site,Full-time,1.0,Male,1976-03-05,50,50-59,135500,2,66,11.6,2025-01-02,CUS-MGR-10,
E00665,2019-06-06,,Active,Marketing,Marketing Coordinator,L1,"Toronto, ON",On-site,Full-time,1.0,Male,1994-03-20,32,30-39,56500,3,85,15.5,,MAR-MGR-04,
E00666,2018-01-18,,Active,Marketing,Marketing Coordinator,L1,"Vancouver, BC",Hybrid,Full-time,1.0,Female,1982-02-04,44,40-49,49000,2,75,14.0,,MAR-MGR-08,
E00667,2024-09-04,,Active,Finance,Senior Financial Analyst,L3,"Ottawa, ON",On-site,Full-time,1.0,Female,1989-03-21,37,30-39,84500,4,83,25.8,2026-03-19,FIN-MGR-10,
E00668,2021-09-28,,Active,Engineering,Software Developer,L2,Remote - Canada,Remote,Full-time,1.0,Female,1992-11-14,33,30-39,66000,4,80,37.1,,ENG-MGR-01,
E00669,2026-03-27,,Active,Engineering,Senior Software Developer,L3,"Montreal, QC",Hybrid,Part-time,0.6,Female,1985-08-18,40,40-49,57000,4,81,10.1,,ENG-MGR-08,
E00670,2018-02-19,,Active,Legal & Compliance,Compliance Analyst,L2,"Toronto, ON",Hybrid,Full-time,1.0,Male,1982-10-07,43,40-49,74000,3,74,29.1,,LEG-MGR-01,
E00671,2026-07-28,,Active,Sales,Senior Sales Operations Analyst,L3,"Toronto, ON",On-site,Full-time,1.0,Male,1985-08-17,40,40-49,97500,3,49,24.6,,SAL-MGR-06,
E00672,2022-04-18,,Active,Customer Success,Senior Customer Success Manager,L3,"Vancouver, BC",Hybrid,Full-time,1.0,Female,1985-12-10,40,40-49,80500,4,91,22.4,2025-09-18,CUS-MGR-10,
E00673,2024-12-29,,Active,Engineering,Data Analyst,L1,"Calgary, AB",Remote,Full-time,1.0,Female,1994-02-05,32,30-39,48500,3,78,16.7,,ENG-MGR-02,
E00674,2025-11-24,,Active,Sales,Sales Manager,L4,"Vancouver, BC",Hybrid,Full-time,1.0,Male,1982-04-15,44,40-49,121000,3,85,24.5,,SAL-MGR-07,
E00675,2025-11-24,,Active,Marketing,Marketing Coordinator,L1,Remote - Canada,Remote,Full-time,1.0,Male,1994-10-18,31,30-39,47500,5,66,34.1,,MAR-MGR-07,
E00676,2024-09-28,,Active,Engineering,Software Developer,L2,"Toronto, ON",Hybrid,Full-time,1.0,Male,1987-05-05,39,30-39,81500,4,75,27.6,,ENG-MGR-08,
E00677,2023-04-22,,Active,Engineering,Data Analyst,L2,"Montreal, QC",On-site,Full-time,1.0,Female,1993-04-03,33,30-39,76000,3,72,15.1,,ENG-MGR-07,
E00678,2025-06-03,,Active,Engineering,Junior Software Developer,L1,"Toronto, ON",Hybrid,Full-time,1.0,Male,2000-08-14,25,<30,56500,2,76,0,,ENG-MGR-10,
E00679,2023-10-22,,Active,Finance,Senior Financial Analyst,L3,"Vancouver, BC",Remote,Full-time,1.0,Female,1993-02-28,33,30-39,104000,3,87,33.2,2026-05-27,FIN-MGR-09,
E00680,2024-05-16,,Active,Human Resources,HR Coordinator,L1,"Vancouver, BC",Hybrid,Full-time,1.0,Female,1989-06-28,37,30-39,48000,3,61,6.0,,HUM-MGR-08,
E00681,2020-10-26,2026-07-05,Terminated,Sales,"Director, Sales",L5,Remote - Canada,Remote,Full-time,1.0,Male,1977-07-26,49,40-49,152000,3,47,38.5,2024-06-20,SAL-MGR-02,Voluntary - Work-Life Balance
E00682,2026-01-04,,Active,Sales,Senior Account Executive,L3,"Vancouver, BC",On-site,Full-time,1.0,Female,1984-08-11,41,40-49,94500,2,85,30.1,,SAL-MGR-12,
E00683,2025-05-09,,Active,Marketing,Marketing Manager,L4,"Montreal, QC",On-site,Full-time,1.0,Male,1973-01-12,53,50-59,118000,5,62,29.7,,MAR-MGR-11,
E00684,2025-10-31,,Active,Human Resources,HR Business Partner,L3,"Vancouver, BC",On-site,Full-time,1.0,Prefer not to say,1996-10-09,29,<30,84500,3,59,33.2,,HUM-MGR-08,
E00685,2024-12-04,,Active,Sales,Senior Sales Operations Analyst,L3,"Vancouver, BC",On-site,Full-time,1.0,Male,1983-01-22,43,40-49,94000,4,87,33.5,,SAL-MGR-11,
E00686,2021-08-03,,Active,Engineering,Engineering Manager,L4,"Toronto, ON",Hybrid,Full-time,1.0,Male,1983-08-16,42,40-49,143500,3,73,21.0,,ENG-MGR-03,
E00687,2024-04-15,,Active,Engineering,Software Developer,L2,Remote - Canada,Remote,Full-time,1.0,Male,1987-06-03,39,30-39,64000,3,76,54.2,,ENG-MGR-09,
E00688,2022-03-04,,Active,Customer Success,Senior Customer Success Manager,L3,Remote - Canada,Remote,Full-time,1.0,Female,1986-02-16,40,40-49,81500,3,78,33.4,,CUS-MGR-01,
E00689,2025-01-09,,Active,Sales,Account Executive,L2,"Vancouver, BC",Remote,Part-time,0.6,Male,1987-11-04,38,30-39,43000,4,77,30.0,,SAL-MGR-11,
E00690,2025-08-27,,Active,Human Resources,People Analytics Specialist,L3,"Montreal, QC",Hybrid,Full-time,1.0,Non-binary,1978-11-16,47,40-49,73500,3,85,34.3,,HUM-MGR-02,
E00691,2026-01-26,,Active,Engineering,"VP, Engineering",L6,"Toronto, ON",Remote,Full-time,1.0,Male,1970-06-16,56,50-59,202000,4,83,26.5,,ENG-MGR-03,
E00692,2024-04-22,,Active,Engineering,"Director, Engineering",L5,"Ottawa, ON",Hybrid,Full-time,1.0,Male,1975-03-01,51,50-59,152000,3,81,21.4,,ENG-MGR-04,
E00693,2025-02-21,,Active,Customer Success,Customer Success Specialist,L2,"Toronto, ON",Hybrid,Full-time,1.0,Female,2001-11-06,24,<30,67000,4,85,27.1,,CUS-MGR-03,
E00694,2018-11-08,,Active,Engineering,Lead Software Developer,L4,"Toronto, ON",Hybrid,Part-time,0.6,Male,1974-04-25,52,50-59,72500,5,88,24.9,,ENG-MGR-11,
E00695,2020-08-31,,Active,Finance,Finance Coordinator,L1,"Vancouver, BC",Remote,Full-time,1.0,Female,1990-10-28,35,30-39,47000,4,80,40.5,2025-10-28,FIN-MGR-01,
E00696,2024-09-16,,Active,Engineering,Junior Software Developer,L1,"Montreal, QC",Hybrid,Full-time,1.0,Male,2002-03-19,24,<30,60000,3,91,40.2,,ENG-MGR-01,
E00697,2020-09-21,,Active,Operations,Operations Specialist,L2,"Vancouver, BC",Remote,Full-time,1.0,Female,1986-06-17,40,40-49,76500,3,58,32.4,,OPE-MGR-02,
E00698,2026-03-16,2026-07-28,Terminated,Customer Success,Customer Success Manager,L4,"Toronto, ON",On-site,Full-time,1.0,Female,1982-10-14,43,40-49,119000,3,86,15.7,,CUS-MGR-10,Voluntary - Compensation
E00699,2024-03-06,2026-07-27,Terminated,Human Resources,HR Manager,L4,"Vancouver, BC",Hybrid,Full-time,1.0,Non-binary,1980-02-21,46,40-49,119500,3,82,25.6,,HUM-MGR-04,Retirement
E00700,2019-11-21,,Active,Human Resources,Talent Acquisition Specialist,L2,"Toronto, ON",On-site,Part-time,0.6,Male,1985-08-15,40,40-49,42000,3,64,20.3,,HUM-MGR-07,
E00701,2025-07-09,2026-04-17,Terminated,Legal & Compliance,Senior Compliance Analyst,L3,"Calgary, AB",On-site,Part-time,0.6,Male,1990-07-13,36,30-39,51500,5,78,17.9,,LEG-MGR-04,Voluntary - Career Opportunity
E00702,2019-03-19,,Active,Finance,Finance Manager,L4,"Montreal, QC",On-site,Part-time,0.6,Male,1977-04-23,49,40-49,73500,4,70,35.4,2020-09-07,FIN-MGR-01,
E00703,2025-11-21,2026-04-17,Terminated,Sales,Senior Account Executive,L3,"Ottawa, ON",Remote,Contract,1.0,Male,1986-09-19,39,30-39,95500,3,77,12.7,,SAL-MGR-09,Voluntary - Career Opportunity
E00704,2022-10-21,,Active,Legal & Compliance,Compliance Coordinator,L1,"Vancouver, BC",Hybrid,Full-time,1.0,Male,1997-10-12,28,<30,52000,4,68,36.3,,LEG-MGR-07,
E00705,2025-08-16,,Active,Human Resources,HR Analyst,L2,"Vancouver, BC",Remote,Full-time,1.0,Male,1990-08-11,35,30-39,77000,4,80,33.8,,HUM-MGR-12,
E00706,2025-08-14,,Active,Customer Success,"Director, Customer Success",L5,"Montreal, QC",Hybrid,Full-time,1.0,Male,1974-09-03,51,50-59,148000,4,67,20.8,,CUS-MGR-06,
E00707,2023-11-29,,Active,Marketing,Marketing Specialist,L2,"Vancouver, BC",Hybrid,Full-time,1.0,Male,1998-08-10,27,<30,73500,4,81,16.3,2025-09-29,MAR-MGR-08,
E00708,2026-03-09,,Active,Marketing,Marketing Specialist,L2,"Toronto, ON",Remote,Full-time,1.0,Male,1989-03-11,37,30-39,76000,3,74,7.1,,MAR-MGR-11,
E00709,2022-01-18,,Active,Operations,Operations Analyst,L2,"Ottawa, ON",Remote,Part-time,0.6,Male,1990-06-11,36,30-39,43000,4,70,23.3,,OPE-MGR-01,
E00710,2026-06-01,,Active,Sales,Sales Manager,L4,"Montreal, QC",Hybrid,Full-time,1.0,Female,1988-12-20,37,30-39,121000,2,75,37.1,,SAL-MGR-03,
E00711,2024-12-30,,Active,Sales,Sales Operations Manager,L4,"Montreal, QC",On-site,Full-time,1.0,Male,1978-07-14,48,40-49,102500,2,90,26.3,2026-05-22,SAL-MGR-10,
E00712,2023-02-14,,Active,Customer Success,Customer Success Specialist,L2,"Vancouver, BC",Hybrid,Full-time,1.0,Female,1990-02-09,36,30-39,62000,2,63,17.2,,CUS-MGR-10,
E00713,2024-04-07,,Active,Engineering,Senior Data Analyst,L3,"Ottawa, ON",Hybrid,Full-time,1.0,Male,1986-04-21,40,40-49,96500,3,85,12.4,,ENG-MGR-07,
E00714,2024-08-08,,Active,Human Resources,"Director, People & Culture",L5,"Toronto, ON",Hybrid,Full-time,1.0,Female,1981-07-17,45,40-49,143000,3,90,37.9,,HUM-MGR-06,
E00715,2022-11-22,,Active,Engineering,Software Developer,L2,"Toronto, ON",Hybrid,Full-time,1.0,Prefer not to say,1993-03-12,33,30-39,84000,4,82,40.8,2025-12-31,ENG-MGR-03,
E00716,2024-07-16,,Active,Sales,Account Executive,L2,"Montreal, QC",Hybrid,Full-time,1.0,Male,1982-02-09,44,40-49,72000,3,60,26.3,,SAL-MGR-10,
E00717,2025-10-23,,Active,Sales,Sales Development Representative,L1,"Montreal, QC",Remote,Full-time,1.0,Male,1996-12-16,29,<30,54000,3,79,21.0,,SAL-MGR-07,
E00718,2019-06-28,,Active,Operations,Senior Operations Specialist,L3,Remote - Canada,Remote,Full-time,1.0,Male,1974-06-06,52,50-59,85000,3,74,23.2,,OPE-MGR-03,
E00719,2025-04-09,,Active,Engineering,Data Engineer,L3,"Toronto, ON",Hybrid,Full-time,1.0,Male,1987-04-24,39,30-39,103500,2,64,26.7,,ENG-MGR-08,
E00720,2024-06-27,,Active,Finance,Financial Analyst,L2,"Ottawa, ON",Hybrid,Full-time,1.0,Male,1995-02-14,31,30-39,66500,3,76,23.4,,FIN-MGR-03,
E00721,2023-07-30,2025-02-02,Terminated,Engineering,Data Analyst,L1,"Calgary, AB",Hybrid,Full-time,1.0,Male,1995-12-22,30,30-39,51000,4,74,24.4,2025-01-16,ENG-MGR-01,Voluntary - Career Opportunity
E00722,2025-01-11,,Active,Customer Success,Customer Success Coordinator,L1,"Montreal, QC",Hybrid,Full-time,1.0,Female,1997-04-13,29,<30,46500,4,65,24.3,,CUS-MGR-11,
E00723,2025-12-14,,Active,Engineering,Data Engineer,L3,Remote - Canada,Remote,Full-time,1.0,Female,1985-10-20,40,40-49,87500,2,68,44.1,,ENG-MGR-05,
E00724,2020-06-12,,Active,Engineering,Senior Data Analyst,L3,"Vancouver, BC",Remote,Full-time,1.0,Female,1982-04-28,44,40-49,97500,2,72,30.9,,ENG-MGR-05,
E00725,2023-03-19,,Active,Sales,Senior Sales Operations Analyst,L3,"Toronto, ON",Hybrid,Full-time,1.0,Female,1988-04-25,38,30-39,86000,3,73,18.1,,SAL-MGR-11,
E00726,2026-05-02,,Active,Engineering,Lead Software Developer,L4,"Toronto, ON",Hybrid,Full-time,1.0,Male,1982-10-26,43,40-49,128000,4,66,0,,ENG-MGR-05,
E00727,2026-01-08,2026-06-09,Terminated,Engineering,Junior Software Developer,L1,"Toronto, ON",Remote,Full-time,1.0,Female,2005-06-06,21,<30,61500,3,83,19.9,,ENG-MGR-12,Voluntary - Compensation
E00728,2025-04-15,,Active,Engineering,Data Analyst,L2,"Toronto, ON",On-site,Full-time,1.0,Male,1991-03-20,35,30-39,87500,3,70,41.0,,ENG-MGR-10,
E00729,2023-08-29,,Active,Human Resources,Senior HR Analyst,L3,"Calgary, AB",Hybrid,Full-time,1.0,Male,1980-12-12,45,40-49,81500,2,80,16.2,,HUM-MGR-06,
E00730,2024-03-09,,Active,Engineering,Software Developer,L2,"Toronto, ON",Hybrid,Full-time,1.0,Male,1995-06-26,31,30-39,77500,4,52,17.3,2025-05-24,ENG-MGR-04,
E00731,2020-06-11,,Active,Human Resources,Talent Acquisition Specialist,L2,"Ottawa, ON",Hybrid,Full-time,1.0,Male,1987-09-15,38,30-39,58500,5,70,6.7,2022-10-21,HUM-MGR-06,
E00732,2021-12-24,,Active,Finance,"Director, Finance",L5,Remote - Canada,Remote,Full-time,1.0,Female,1985-05-12,41,40-49,167500,1,80,10.2,2025-09-10,FIN-MGR-04,
E00733,2024-12-06,,Active,Engineering,Junior Software Developer,L1,"Vancouver, BC",On-site,Full-time,1.0,Male,1995-08-10,30,30-39,65500,3,58,17.4,,ENG-MGR-03,
E00734,2026-01-18,,Active,Engineering,Data Analyst,L2,"Toronto, ON",Hybrid,Full-time,1.0,Female,1996-04-25,30,30-39,77500,4,80,16.5,,ENG-MGR-10,
E00735,2018-10-13,,Active,Marketing,Marketing Coordinator,L1,"Toronto, ON",Hybrid,Full-time,1.0,Female,1985-03-12,41,40-49,46500,5,96,25.0,2022-08-11,MAR-MGR-02,
E00736,2024-08-14,,Active,Operations,Senior Operations Analyst,L3,"Vancouver, BC",Hybrid,Full-time,1.0,Male,1976-11-14,49,40-49,94000,4,96,36.7,,OPE-MGR-11,
E00737,2019-04-11,,Active,Sales,Account Executive,L2,"Vancouver, BC",Hybrid,Full-time,1.0,Prefer not to say,1985-08-01,40,40-49,70000,3,67,25.5,,SAL-MGR-06,
E00738,2022-12-26,,Active,Engineering,Data Analyst,L2,"Calgary, AB",On-site,Full-time,1.0,Male,1983-04-23,43,40-49,84500,5,80,34.9,2025-06-13,ENG-MGR-01,
E00739,2025-08-09,,Active,Engineering,Software Developer,L2,"Toronto, ON",Hybrid,Full-time,1.0,Female,1993-11-12,32,30-39,70500,4,84,50.1,,ENG-MGR-08,
E00740,2025-06-19,2025-12-23,Terminated,Sales,Sales Operations Analyst,L2,Remote - Canada,Remote,Full-time,1.0,Male,1994-10-12,31,30-39,61500,3,76,14.2,,SAL-MGR-10,Voluntary - Work-Life Balance
E00741,2022-01-26,,Active,Operations,Operations Specialist,L2,"Toronto, ON",Hybrid,Full-time,1.0,Male,1987-08-25,38,30-39,62000,2,82,44.6,,OPE-MGR-11,
E00742,2018-09-25,,Active,Sales,Senior Sales Operations Analyst,L3,"Vancouver, BC",Hybrid,Full-time,1.0,Female,1975-07-28,51,50-59,98500,4,81,26.3,,SAL-MGR-01,
E00743,2021-03-06,,Active,Sales,Sales Manager,L4,"Toronto, ON",Hybrid,Full-time,1.0,Male,1973-06-16,53,50-59,136500,2,75,27.7,,SAL-MGR-10,
E00744,2023-04-27,,Active,Engineering,Data Analyst,L2,"Calgary, AB",On-site,Full-time,1.0,Female,1995-10-25,30,30-39,73000,4,70,39.5,2025-03-01,ENG-MGR-12,
E00745,2021-09-24,,Active,Legal & Compliance,Compliance Manager,L4,"Montreal, QC",Hybrid,Full-time,1.0,Male,1970-05-25,56,50-59,127500,3,82,31.1,,LEG-MGR-02,
E00746,2025-02-28,,Active,Engineering,Data Engineer,L3,"Vancouver, BC",On-site,Full-time,1.0,Male,1982-07-23,44,40-49,110000,3,82,0,,ENG-MGR-08,
E00747,2022-07-14,,Active,Engineering,"Director, Engineering",L5,"Calgary, AB",On-site,Full-time,1.0,Female,1973-05-22,53,50-59,160500,3,66,22.7,,ENG-MGR-07,
E00748,2024-07-18,,Active,Finance,Finance Coordinator,L1,"Montreal, QC",Hybrid,Full-time,1.0,Female,1993-10-06,32,30-39,47500,3,81,50.6,,FIN-MGR-01,
E00749,2023-02-23,,Active,Customer Success,Senior Customer Success Manager,L3,"Montreal, QC",Remote,Part-time,0.6,Female,1981-07-20,45,40-49,48000,3,74,12.5,,CUS-MGR-12,
E00750,2025-08-11,,Active,Operations,Senior Operations Analyst,L3,"Toronto, ON",Hybrid,Part-time,0.6,Female,1990-01-06,36,30-39,55500,2,74,28.4,,OPE-MGR-05,
E00751,2023-10-16,,Active,Human Resources,HR Business Partner,L3,Remote - Canada,Remote,Full-time,1.0,Female,1980-08-17,45,40-49,86500,3,60,24.0,2026-02-21,HUM-MGR-10,
E00752,2021-12-24,,Active,Operations,Senior Operations Specialist,L3,"Montreal, QC",Remote,Full-time,1.0,Female,1986-09-03,39,30-39,83500,4,88,17.0,,OPE-MGR-01,
E00753,2026-03-21,,Active,Customer Success,Senior Customer Success Manager,L3,"Ottawa, ON",Hybrid,Full-time,1.0,Prefer not to say,1990-12-20,35,30-39,74000,1,83,24.1,,CUS-MGR-01,
E00754,2018-10-15,,Active,Finance,Financial Analyst,L2,"Toronto, ON",Remote,Full-time,1.0,Female,1978-11-07,47,40-49,73000,3,78,4.8,,FIN-MGR-05,
E00755,2026-07-30,,Active,Operations,Operations Manager,L4,"Calgary, AB",Hybrid,Full-time,1.0,Female,1981-11-09,44,40-49,120000,2,95,26.6,,OPE-MGR-12,
E00756,2026-04-06,,Active,Engineering,Lead Software Developer,L4,"Montreal, QC",Hybrid,Full-time,1.0,Male,1983-10-14,42,40-49,113500,4,92,31.9,,ENG-MGR-07,
E00757,2025-06-20,2026-01-21,Terminated,Operations,Senior Operations Specialist,L3,"Vancouver, BC",Remote,Full-time,1.0,Female,1986-06-03,40,40-49,93500,4,55,25.1,,OPE-MGR-05,Involuntary - Restructuring
E00758,2024-01-08,,Active,Sales,Sales Operations Manager,L4,"Montreal, QC",Remote,Full-time,1.0,Non-binary,1972-01-18,54,50-59,113000,4,81,5.7,,SAL-MGR-01,
E00759,2022-12-15,,Active,Customer Success,Customer Success Specialist,L2,"Calgary, AB",Hybrid,Full-time,1.0,Female,1992-09-26,33,30-39,65000,3,74,3.9,,CUS-MGR-12,
E00760,2025-04-09,,Active,Customer Success,Customer Success Coordinator,L1,"Toronto, ON",Hybrid,Full-time,1.0,Female,1992-08-22,33,30-39,53000,3,71,20.7,,CUS-MGR-06,
E00761,2021-03-07,,Active,Finance,Finance Coordinator,L1,"Montreal, QC",Hybrid,Full-time,1.0,Female,1995-03-24,31,30-39,47000,4,60,22.3,,FIN-MGR-09,
E00762,2025-06-23,,Active,Marketing,Senior Marketing Specialist,L3,"Toronto, ON",Hybrid,Full-time,1.0,Male,1990-03-12,36,30-39,95500,3,60,40.4,,MAR-MGR-01,
E00763,2026-07-09,,Active,Engineering,Data Analyst,L2,"Vancouver, BC",On-site,Full-time,1.0,Female,1985-01-21,41,40-49,88000,2,69,5.0,,ENG-MGR-03,
E00764,2024-02-02,,Active,Legal & Compliance,Compliance Manager,L4,"Vancouver, BC",Hybrid,Full-time,1.0,Male,1984-12-27,41,40-49,143500,2,70,11.9,,LEG-MGR-04,
E00765,2025-05-28,,Active,Sales,Sales Development Representative,L1,"Toronto, ON",Hybrid,Full-time,1.0,Male,2000-03-16,26,<30,55500,4,67,17.3,,SAL-MGR-04,
E00766,2024-07-24,,Active,Human Resources,People Analytics Specialist,L3,"Vancouver, BC",Remote,Full-time,1.0,Male,1986-12-18,39,30-39,89000,3,79,11.8,,HUM-MGR-11,
E00767,2022-06-12,,Active,Operations,Operations Manager,L4,"Calgary, AB",Hybrid,Full-time,1.0,Female,1982-09-17,43,40-49,112500,4,71,22.8,,OPE-MGR-05,
E00768,2023-01-29,,Active,Engineering,Software Developer,L2,"Vancouver, BC",Hybrid,Full-time,1.0,Male,1989-02-17,37,30-39,87500,3,76,21.6,,ENG-MGR-12,
E00769,2018-08-04,,Active,Sales,Senior Account Executive,L3,"Toronto, ON",Remote,Full-time,1.0,Female,1985-06-23,41,40-49,86000,3,66,47.3,,SAL-MGR-10,
E00770,2021-02-09,,Active,Customer Success,Customer Success Manager,L4,"Toronto, ON",Remote,Full-time,1.0,Female,1979-08-12,46,40-49,117500,3,81,21.6,,CUS-MGR-02,
E00771,2021-01-16,,Active,Finance,Senior Financial Analyst,L3,"Vancouver, BC",On-site,Full-time,1.0,Male,1990-08-22,35,30-39,105500,3,79,13.3,2022-05-18,FIN-MGR-12,
E00772,2019-01-28,,Active,Sales,Sales Development Representative,L1,"Vancouver, BC",Hybrid,Full-time,1.0,Male,1993-02-16,33,30-39,62000,3,60,28.6,,SAL-MGR-02,
E00773,2018-01-28,,Active,Engineering,Senior Data Analyst,L3,"Calgary, AB",Hybrid,Full-time,1.0,Male,1980-06-24,46,40-49,100000,4,81,26.3,,ENG-MGR-02,
E00774,2020-04-02,,Active,Finance,Finance Coordinator,L1,Remote - Canada,Remote,Full-time,1.0,Female,1991-11-04,34,30-39,52000,3,66,37.3,2024-03-07,FIN-MGR-04,
E00775,2022-06-08,,Active,Engineering,Data Analyst,L2,"Vancouver, BC",Remote,Full-time,1.0,Female,1982-05-03,44,40-49,82000,3,59,20.0,,ENG-MGR-04,
E00776,2023-01-14,,Active,Operations,Senior Operations Specialist,L3,"Vancouver, BC",Remote,Full-time,1.0,Female,1974-12-25,51,50-59,92500,4,71,3.8,,OPE-MGR-07,
E00777,2024-07-11,,Active,Engineering,Software Developer,L2,Remote - Canada,Remote,Full-time,1.0,Male,1998-08-21,27,<30,82500,4,67,15.9,2025-10-07,ENG-MGR-11,
E00778,2021-06-25,2026-03-02,Terminated,Operations,Operations Coordinator,L1,"Vancouver, BC",Hybrid,Full-time,1.0,Female,1996-05-04,30,30-39,47000,3,72,2.3,,OPE-MGR-05,Voluntary - Career Opportunity
E00779,2026-04-02,,Active,Customer Success,Senior Customer Success Manager,L3,"Ottawa, ON",Remote,Full-time,1.0,Male,1980-09-25,45,40-49,90500,2,60,29.0,,CUS-MGR-12,
E00780,2024-05-15,,Active,Operations,Operations Analyst,L2,"Toronto, ON",Hybrid,Full-time,1.0,Male,1994-05-20,32,30-39,66000,1,82,21.2,,OPE-MGR-04,
E00781,2023-05-04,,Active,Human Resources,People Analytics Manager,L4,"Toronto, ON",Remote,Full-time,1.0,Female,1979-10-17,46,40-49,101000,1,81,20.9,,HUM-MGR-12,
E00782,2023-07-22,,Active,Engineering,"VP, Engineering",L6,"Ottawa, ON",Hybrid,Full-time,1.0,Male,1980-05-07,46,40-49,236000,3,72,16.1,,ENG-MGR-06,
E00783,2020-06-13,2026-01-02,Terminated,Operations,Senior Operations Analyst,L3,"Vancouver, BC",Hybrid,Full-time,1.0,Male,1984-01-07,42,40-49,85000,3,67,25.4,,OPE-MGR-08,Involuntary - Restructuring
E00784,2023-01-21,,Active,Engineering,Data Analyst,L1,"Calgary, AB",Remote,Part-time,0.6,Female,1994-06-20,32,30-39,36500,4,68,29.1,,ENG-MGR-10,
E00785,2023-12-18,,Active,Customer Success,Customer Success Specialist,L2,"Toronto, ON",Remote,Full-time,1.0,Male,1991-05-02,35,30-39,58000,3,85,25.4,,CUS-MGR-02,
E00786,2026-05-22,,Active,Engineering,Lead Software Developer,L4,"Toronto, ON",On-site,Full-time,1.0,Male,1991-12-28,34,30-39,132000,3,75,35.2,,ENG-MGR-02,
E00787,2021-06-04,,Active,Operations,Operations Manager,L4,"Vancouver, BC",Hybrid,Full-time,1.0,Male,1970-07-25,56,50-59,126500,3,61,38.4,,OPE-MGR-11,
E00788,2024-08-07,,Active,Engineering,Software Developer,L2,"Montreal, QC",On-site,Full-time,1.0,Male,1991-04-21,35,30-39,64500,3,62,3.6,,ENG-MGR-10,
E00789,2023-12-05,,Active,Engineering,Software Developer,L2,"Toronto, ON",On-site,Full-time,1.0,Female,1985-03-10,41,40-49,72500,4,91,26.1,,ENG-MGR-10,
E00790,2018-09-08,2026-01-07,Terminated,Sales,Senior Sales Operations Analyst,L3,"Montreal, QC",On-site,Full-time,1.0,Male,1984-01-25,42,40-49,81000,2,76,0,2021-12-05,SAL-MGR-03,Voluntary - Career Opportunity
E00791,2022-02-10,2024-08-09,Terminated,Engineering,Data Analyst,L2,"Montreal, QC",Hybrid,Full-time,1.0,Female,1987-12-01,38,30-39,72500,3,63,7.7,,ENG-MGR-06,Voluntary - Relocation
E00792,2026-03-13,2026-07-12,Terminated,Sales,Sales Operations Manager,L4,"Vancouver, BC",Hybrid,Full-time,1.0,Female,1982-10-05,43,40-49,139500,2,68,40.9,,SAL-MGR-09,Voluntary - Career Opportunity
E00793,2022-06-09,,Active,Finance,Senior Financial Analyst,L3,"Montreal, QC",Hybrid,Full-time,1.0,Female,1981-07-12,45,40-49,87000,1,81,19.3,2023-06-13,FIN-MGR-01,
E00794,2024-01-12,,Active,Engineering,Data Analyst,L1,"Toronto, ON",On-site,Full-time,1.0,Male,1997-10-17,28,<30,60000,2,82,14.4,,ENG-MGR-02,
E00795,2023-03-23,,Active,Sales,Account Executive,L2,"Montreal, QC",Remote,Full-time,1.0,Non-binary,1983-12-11,42,40-49,76000,3,82,32.0,2024-06-21,SAL-MGR-08,
E00796,2025-02-23,,Active,Sales,Sales Manager,L4,"Toronto, ON",Hybrid,Full-time,1.0,Male,1978-07-07,48,40-49,136000,2,72,14.1,,SAL-MGR-10,
E00797,2026-06-02,,Active,Sales,Sales Development Representative,L1,"Toronto, ON",Hybrid,Full-time,1.0,Male,1997-02-26,29,<30,47500,3,52,28.8,,SAL-MGR-03,
E00798,2021-06-28,,Active,Engineering,Software Developer,L2,"Toronto, ON",On-site,Contract,1.0,Female,1980-02-05,46,40-49,73500,4,82,0,,ENG-MGR-11,
E00799,2020-04-18,,Active,Engineering,Analytics Lead,L4,"Calgary, AB",Hybrid,Full-time,1.0,Female,1975-05-02,51,50-59,140000,3,79,4.9,,ENG-MGR-01,
E00800,2024-04-08,,Active,Sales,Account Executive,L2,"Toronto, ON",On-site,Full-time,1.0,Female,1997-02-01,29,<30,80000,3,69,21.8,,SAL-MGR-12,
E00801,2020-10-21,,Active,Operations,Operations Specialist,L2,"Montreal, QC",On-site,Full-time,1.0,Non-binary,1982-02-08,44,40-49,60000,4,72,19.9,,OPE-MGR-05,
E00802,2019-07-09,,Active,Human Resources,"VP, People & Culture",L6,"Toronto, ON",Hybrid,Full-time,1.0,Female,1960-11-01,65,60+,187500,5,86,26.3,,HUM-MGR-02,
E00803,2021-07-17,,Active,Sales,Senior Sales Operations Analyst,L3,"Toronto, ON",On-site,Full-time,1.0,Female,1983-01-20,43,40-49,93500,3,73,18.2,,SAL-MGR-07,
E00804,2019-10-22,2024-02-22,Terminated,Finance,Financial Analyst,L2,"Vancouver, BC",Remote,Full-time,1.0,Female,1987-09-08,38,30-39,70000,2,76,9.4,2022-06-30,FIN-MGR-10,Voluntary - Compensation
E00805,2025-10-14,,Active,Engineering,Data Engineer,L3,"Toronto, ON",Hybrid,Full-time,1.0,Female,1981-07-05,45,40-49,100500,4,78,27.0,,ENG-MGR-11,
E00806,2020-04-01,,Active,Legal & Compliance,Compliance Coordinator,L1,"Toronto, ON",Hybrid,Contract,1.0,Female,1989-07-05,37,30-39,57000,3,91,30.1,,LEG-MGR-06,
E00807,2021-10-11,,Active,Engineering,Senior Software Developer,L3,"Toronto, ON",On-site,Full-time,1.0,Male,1978-08-15,47,40-49,103000,4,76,15.5,,ENG-MGR-04,
E00808,2019-12-30,2024-08-05,Terminated,Customer Success,Senior Customer Success Manager,L3,"Toronto, ON",Remote,Part-time,0.6,Male,1974-10-01,51,50-59,49000,3,82,10.6,,CUS-MGR-12,Voluntary - Career Opportunity
E00809,2025-11-26,,Active,Sales,Senior Account Executive,L3,"Toronto, ON",Remote,Full-time,1.0,Prefer not to say,1988-07-18,38,30-39,88000,5,68,35.2,,SAL-MGR-11,
E00810,2022-10-06,,Active,Sales,Account Executive,L2,"Toronto, ON",Hybrid,Full-time,1.0,Male,1983-03-14,43,40-49,66500,3,79,32.8,,SAL-MGR-05,
E00811,2024-06-29,,Active,Customer Success,Customer Success Specialist,L2,"Calgary, AB",Remote,Part-time,0.6,Female,1994-12-04,31,30-39,35500,3,60,52.5,,CUS-MGR-07,
E00812,2018-12-22,,Active,Engineering,Senior Data Analyst,L3,Remote - Canada,Remote,Full-time,1.0,Male,1983-02-15,43,40-49,86000,3,73,20.8,2026-04-21,ENG-MGR-07,
E00813,2025-12-05,2026-04-14,Terminated,Marketing,Marketing Specialist,L2,"Montreal, QC",Hybrid,Full-time,1.0,Male,1993-04-20,33,30-39,59000,3,87,8.8,,MAR-MGR-09,Voluntary - Compensation
E00814,2023-01-24,,Active,Legal & Compliance,Compliance Coordinator,L1,"Toronto, ON",Hybrid,Full-time,1.0,Female,1991-10-01,34,30-39,58000,2,67,30.5,,LEG-MGR-08,
E00815,2022-07-30,,Active,Sales,Account Executive,L2,"Toronto, ON",On-site,Full-time,1.0,Male,1987-12-02,38,30-39,75000,3,65,0,,SAL-MGR-02,
E00816,2023-05-25,,Active,Engineering,Data Engineer,L3,"Montreal, QC",Hybrid,Full-time,1.0,Female,1993-12-12,32,30-39,93500,3,78,28.6,,ENG-MGR-07,
E00817,2021-11-07,,Active,Engineering,Analytics Lead,L4,"Toronto, ON",On-site,Full-time,1.0,Male,1981-03-23,45,40-49,121000,3,75,17.1,,ENG-MGR-12,
E00818,2022-10-03,,Active,Engineering,Senior Software Developer,L3,"Toronto, ON",On-site,Full-time,1.0,Female,1989-10-02,36,30-39,102000,3,79,46.1,,ENG-MGR-08,
E00819,2021-03-22,2024-02-23,Terminated,Sales,Senior Account Executive,L3,"Vancouver, BC",On-site,Full-time,1.0,Male,1971-06-21,55,50-59,105000,3,78,21.2,,SAL-MGR-12,Involuntary - Performance
E00820,2019-02-07,,Active,Sales,Senior Sales Operations Analyst,L3,Remote - Canada,Remote,Full-time,1.0,Male,1982-05-18,44,40-49,96500,4,93,22.1,,SAL-MGR-12,
E00821,2021-01-12,,Active,Legal & Compliance,Compliance Analyst,L2,"Vancouver, BC",Hybrid,Full-time,1.0,Male,1986-12-17,39,30-39,69000,4,85,22.5,,LEG-MGR-10,
E00822,2024-04-26,,Active,Sales,Senior Sales Operations Analyst,L3,"Toronto, ON",Remote,Full-time,1.0,Male,1991-11-02,34,30-39,85500,2,65,30.9,,SAL-MGR-11,
E00823,2023-09-23,,Active,Legal & Compliance,Compliance Manager,L4,"Toronto, ON",Remote,Full-time,1.0,Male,1975-10-13,50,50-59,117500,3,81,19.4,,LEG-MGR-03,
E00824,2023-05-17,,Active,Sales,Sales Operations Manager,L4,"Toronto, ON",Hybrid,Full-time,1.0,Male,1976-02-17,50,50-59,121000,2,80,35.4,,SAL-MGR-03,
E00825,2023-05-06,2024-12-29,Terminated,Engineering,Junior Software Developer,L1,"Vancouver, BC",Remote,Full-time,1.0,Female,1989-02-09,37,30-39,57500,2,89,33.6,,ENG-MGR-07,Voluntary - Work-Life Balance
E00826,2025-09-04,,Active,Engineering,Data Analyst,L2,"Vancouver, BC",Remote,Full-time,1.0,Male,1989-01-04,37,30-39,80500,3,75,17.3,,ENG-MGR-01,
E00827,2022-08-06,,Active,Customer Success,Customer Success Specialist,L2,"Montreal, QC",Hybrid,Full-time,1.0,Male,1995-08-04,30,30-39,61500,3,57,47.7,,CUS-MGR-11,
E00828,2026-03-25,,Active,Operations,Senior Operations Specialist,L3,"Ottawa, ON",Remote,Full-time,1.0,Female,1988-10-12,37,30-39,79000,4,69,23.4,,OPE-MGR-04,
E00829,2025-11-01,,Active,Operations,Operations Coordinator,L1,"Vancouver, BC",On-site,Full-time,1.0,Male,1987-03-01,39,30-39,46500,3,71,19.0,,OPE-MGR-10,
E00830,2023-03-24,,Active,Customer Success,Customer Success Coordinator,L1,"Calgary, AB",Remote,Full-time,1.0,Female,1992-10-02,33,30-39,45000,4,73,35.0,2026-01-11,CUS-MGR-07,
E00831,2023-01-11,,Active,Engineering,Software Developer,L2,"Vancouver, BC",On-site,Full-time,1.0,Male,1994-01-18,32,30-39,86500,3,77,30.4,,ENG-MGR-12,
E00832,2025-01-13,,Active,Finance,Finance Manager,L4,"Calgary, AB",Remote,Full-time,1.0,Male,1981-06-06,45,40-49,128000,4,74,50.3,,FIN-MGR-02,
E00833,2021-08-16,,Active,Marketing,Senior Marketing Specialist,L3,"Ottawa, ON",Hybrid,Full-time,1.0,Male,1980-07-02,46,40-49,96000,3,94,12.8,2024-04-02,MAR-MGR-09,
E00834,2018-04-11,,Active,Finance,Financial Analyst,L2,"Montreal, QC",Remote,Full-time,1.0,Female,1991-04-22,35,30-39,65500,2,72,30.4,,FIN-MGR-11,
E00835,2022-04-23,,Active,Engineering,Lead Software Developer,L4,"Toronto, ON",Hybrid,Full-time,1.0,Female,1983-01-14,43,40-49,127000,3,81,22.2,,ENG-MGR-07,
E00836,2022-03-10,,Active,Customer Success,Customer Success Specialist,L2,"Calgary, AB",Remote,Full-time,1.0,Male,1987-08-04,38,30-39,64500,3,81,28.0,,CUS-MGR-08,
E00837,2021-11-02,2024-10-25,Terminated,Sales,Senior Sales Operations Analyst,L3,"Montreal, QC",Hybrid,Full-time,1.0,Male,1986-04-24,40,40-49,81000,3,62,24.3,2024-11-03,SAL-MGR-03,Voluntary - Relocation
E00838,2022-04-30,2025-09-16,Terminated,Operations,Senior Operations Specialist,L3,"Calgary, AB",Hybrid,Full-time,1.0,Female,1986-02-16,40,40-49,80000,3,74,26.8,2024-11-28,OPE-MGR-12,Involuntary - Performance
E00839,2023-06-16,,Active,Engineering,Lead Software Developer,L4,"Calgary, AB",On-site,Full-time,1.0,Female,1977-12-10,48,40-49,114500,2,52,16.7,,ENG-MGR-05,
E00840,2021-04-16,,Active,Legal & Compliance,Compliance Analyst,L2,"Toronto, ON",Hybrid,Full-time,1.0,Female,1987-09-15,38,30-39,74500,4,66,16.9,,LEG-MGR-11,
E00841,2023-09-23,2026-03-20,Terminated,Finance,Senior Financial Analyst,L3,"Vancouver, BC",Hybrid,Full-time,1.0,Female,1985-02-19,41,40-49,89500,3,84,30.5,,FIN-MGR-12,Voluntary - Compensation
E00842,2022-05-07,,Active,Engineering,Junior Software Developer,L1,"Ottawa, ON",Hybrid,Full-time,1.0,Female,1992-11-11,33,30-39,61500,3,78,22.5,,ENG-MGR-03,
E00843,2019-12-29,,Active,Finance,Finance Coordinator,L1,"Toronto, ON",Remote,Full-time,1.0,Male,1993-08-14,32,30-39,49500,4,76,8.3,,FIN-MGR-11,
E00844,2023-04-24,,Active,Legal & Compliance,"Director, Legal & Compliance",L5,"Toronto, ON",Remote,Full-time,1.0,Female,1982-11-13,43,40-49,152000,3,81,18.1,,LEG-MGR-02,
E00845,2018-06-02,,Active,Engineering,Software Developer,L2,"Vancouver, BC",Remote,Full-time,1.0,Female,1986-07-28,40,40-49,73500,3,71,27.7,,ENG-MGR-03,
E00846,2022-06-03,,Active,Legal & Compliance,Senior Compliance Analyst,L3,"Vancouver, BC",Hybrid,Full-time,1.0,Female,1973-07-07,53,50-59,112000,5,73,45.7,,LEG-MGR-03,
E00847,2018-01-14,,Active,Customer Success,Customer Success Specialist,L2,"Vancouver, BC",Remote,Full-time,1.0,Male,1982-11-20,43,40-49,63000,3,79,35.5,,CUS-MGR-02,
E00848,2018-08-14,,Active,Sales,Sales Operations Analyst,L2,"Toronto, ON",Hybrid,Full-time,1.0,Male,1987-04-18,39,30-39,65500,3,81,31.3,,SAL-MGR-08,
E00849,2025-08-21,,Active,Engineering,Lead Software Developer,L4,"Vancouver, BC",Hybrid,Full-time,1.0,Female,1979-09-03,46,40-49,124500,4,72,32.2,,ENG-MGR-08,
E00850,2024-04-24,,Active,Operations,Senior Operations Specialist,L3,"Montreal, QC",Remote,Full-time,1.0,Male,1982-08-23,43,40-49,87500,3,76,10.3,2025-04-26,OPE-MGR-07,
E00851,2021-12-24,,Active,Marketing,Marketing Specialist,L2,"Toronto, ON",Hybrid,Full-time,1.0,Male,1989-05-16,37,30-39,68000,3,55,14.1,,MAR-MGR-11,
E00852,2020-05-05,,Active,Marketing,Senior Marketing Specialist,L3,"Ottawa, ON",Remote,Full-time,1.0,Female,1986-12-09,39,30-39,85500,3,78,16.2,2025-07-31,MAR-MGR-09,
E00853,2022-08-31,,Active,Operations,Operations Coordinator,L1,"Calgary, AB",Remote,Full-time,1.0,Female,1990-03-24,36,30-39,43000,2,75,13.2,,OPE-MGR-04,
E00854,2025-08-09,,Active,Engineering,Data Analyst,L1,"Ottawa, ON",Hybrid,Full-time,1.0,Male,1990-06-06,36,30-39,49000,3,63,26.2,,ENG-MGR-09,
E00855,2024-04-19,,Active,Sales,Senior Sales Operations Analyst,L3,"Calgary, AB",On-site,Full-time,1.0,Female,1982-06-04,44,40-49,91500,5,70,23.4,,SAL-MGR-10,
E00856,2024-09-13,2026-06-04,Terminated,Legal & Compliance,Senior Compliance Analyst,L3,"Vancouver, BC",Hybrid,Full-time,1.0,Male,1985-01-25,41,40-49,101500,3,49,23.8,,LEG-MGR-10,Voluntary - Career Opportunity
E00857,2025-09-29,,Active,Marketing,Marketing Coordinator,L1,Remote - Canada,Remote,Full-time,1.0,Female,1996-11-11,29,<30,50000,4,87,36.5,,MAR-MGR-01,
E00858,2023-06-03,,Active,Engineering,Data Analyst,L2,Remote - Canada,Remote,Full-time,1.0,Male,1988-05-24,38,30-39,74500,4,87,35.3,2025-03-17,ENG-MGR-03,
E00859,2021-12-24,,Active,Engineering,"Director, Engineering",L5,Remote - Canada,Remote,Full-time,1.0,Female,1978-03-26,48,40-49,167500,4,87,28.0,2024-03-20,ENG-MGR-12,
E00860,2023-01-28,,Active,Operations,Operations Analyst,L2,"Montreal, QC",Hybrid,Full-time,1.0,Female,1994-11-21,31,30-39,55500,3,75,44.5,,OPE-MGR-04,
E00861,2019-09-11,,Active,Sales,Sales Manager,L4,"Toronto, ON",Hybrid,Full-time,1.0,Female,1976-02-16,50,50-59,132500,3,87,36.1,,SAL-MGR-07,
E00862,2025-05-02,,Active,Finance,Financial Analyst,L2,"Toronto, ON",Hybrid,Full-time,1.0,Male,1995-04-13,31,30-39,65000,3,86,3.2,,FIN-MGR-06,
E00863,2024-01-22,,Active,Human Resources,People Analytics Specialist,L3,"Montreal, QC",Remote,Full-time,1.0,Female,1984-01-05,42,40-49,90000,4,82,15.1,,HUM-MGR-09,
E00864,2025-04-10,,Active,Operations,Operations Coordinator,L1,"Vancouver, BC",On-site,Full-time,1.0,Female,1985-03-26,41,40-49,46500,3,63,29.4,,OPE-MGR-04,
E00865,2024-04-08,2024-09-02,Terminated,Customer Success,Senior Customer Success Manager,L3,"Montreal, QC",Remote,Full-time,1.0,Male,1993-07-04,33,30-39,79000,4,56,34.0,,CUS-MGR-05,Voluntary - Work-Life Balance
E00866,2022-08-11,,Active,Operations,Senior Operations Analyst,L3,"Toronto, ON",Hybrid,Full-time,1.0,Male,1990-04-22,36,30-39,95500,2,72,34.7,,OPE-MGR-11,
E00867,2026-06-23,,Active,Customer Success,Senior Customer Success Manager,L3,"Vancouver, BC",Remote,Part-time,0.6,Female,1986-04-03,40,40-49,51000,4,78,10.1,,CUS-MGR-04,
E00868,2020-05-31,,Active,Sales,"Director, Sales",L5,"Toronto, ON",Remote,Full-time,1.0,Female,1969-01-20,57,50-59,165000,3,76,51.8,2023-02-21,SAL-MGR-04,
E00869,2022-10-27,,Active,Sales,Senior Account Executive,L3,"Toronto, ON",Remote,Full-time,1.0,Male,1985-02-19,41,40-49,93500,3,87,36.6,2026-01-29,SAL-MGR-11,
E00870,2026-02-11,,Active,Customer Success,Senior Customer Success Manager,L3,"Vancouver, BC",Hybrid,Contract,1.0,Female,1987-12-12,38,30-39,93000,3,62,36.8,,CUS-MGR-06,
E00871,2026-07-04,,Active,Sales,Senior Account Executive,L3,"Montreal, QC",Remote,Full-time,1.0,Female,1992-10-03,33,30-39,82500,3,84,6.1,,SAL-MGR-09,
E00872,2024-11-15,,Active,Operations,"Director, Operations",L5,"Vancouver, BC",Remote,Full-time,1.0,Female,1986-09-14,39,30-39,151000,3,71,15.8,,OPE-MGR-10,
E00873,2021-03-22,,Active,Marketing,Marketing Coordinator,L1,"Toronto, ON",Hybrid,Full-time,1.0,Female,1991-12-05,34,30-39,46000,3,83,32.8,,MAR-MGR-06,
E00874,2024-08-12,,Active,Customer Success,Senior Customer Success Manager,L3,"Vancouver, BC",On-site,Full-time,1.0,Female,1987-11-02,38,30-39,81500,4,67,25.9,,CUS-MGR-10,
E00875,2021-08-20,,Active,Human Resources,HR Analyst,L2,"Vancouver, BC",Remote,Full-time,1.0,Male,1991-10-04,34,30-39,62500,4,64,25.2,,HUM-MGR-07,
E00876,2026-03-01,,Active,Customer Success,Customer Success Coordinator,L1,"Vancouver, BC",Hybrid,Full-time,1.0,Female,2001-07-28,25,<30,46000,2,72,24.8,,CUS-MGR-05,
E00877,2019-11-03,,Active,Human Resources,HR Coordinator,L1,"Ottawa, ON",Hybrid,Full-time,1.0,Female,1987-08-27,38,30-39,51000,4,76,42.1,2023-12-08,HUM-MGR-03,
E00878,2023-01-24,,Active,Engineering,Data Engineer,L3,"Toronto, ON",Remote,Full-time,1.0,Male,1989-05-01,37,30-39,96500,4,75,53.6,,ENG-MGR-12,
E00879,2025-11-20,,Active,Legal & Compliance,Compliance Coordinator,L1,"Ottawa, ON",Hybrid,Full-time,1.0,Female,1989-01-19,37,30-39,54000,3,71,21.6,,LEG-MGR-05,
E00880,2024-07-06,,Active,Marketing,Marketing Coordinator,L1,"Vancouver, BC",Hybrid,Part-time,0.6,Female,1990-08-26,35,30-39,28500,2,89,7.7,,MAR-MGR-11,
E00881,2018-11-17,,Active,Legal & Compliance,Compliance Analyst,L2,"Calgary, AB",Remote,Part-time,0.6,Male,1971-01-03,55,50-59,40000,3,79,31.3,2026-01-30,LEG-MGR-11,
E00882,2023-11-18,,Active,Operations,Senior Operations Analyst,L3,"Calgary, AB",Remote,Full-time,1.0,Male,1989-12-05,36,30-39,76500,1,68,25.8,,OPE-MGR-01,
E00883,2021-05-12,,Active,Sales,Account Executive,L2,"Ottawa, ON",Hybrid,Part-time,0.6,Female,1992-09-17,33,30-39,45500,3,91,19.7,2022-11-15,SAL-MGR-01,
E00884,2025-10-22,,Active,Finance,Finance Manager,L4,"Toronto, ON",On-site,Full-time,1.0,Female,1981-07-05,45,40-49,109500,2,73,17.7,,FIN-MGR-03,
E00885,2024-10-29,,Active,Operations,Senior Operations Specialist,L3,"Calgary, AB",Hybrid,Full-time,1.0,Male,1995-12-07,30,30-39,88000,3,60,37.8,,OPE-MGR-06,
E00886,2024-12-20,,Active,Engineering,Data Analyst,L2,"Vancouver, BC",Hybrid,Full-time,1.0,Female,1993-02-05,33,30-39,80500,3,65,19.2,,ENG-MGR-04,
E00887,2024-06-07,,Active,Engineering,Engineering Manager,L4,"Ottawa, ON",Hybrid,Full-time,1.0,Female,1983-06-28,43,40-49,119500,3,78,13.1,,ENG-MGR-08,
E00888,2021-01-03,,Active,Engineering,"Director, Engineering",L5,"Montreal, QC",Hybrid,Full-time,1.0,Male,1980-02-20,46,40-49,144000,3,73,0,,ENG-MGR-06,
E00889,2020-10-21,2025-04-24,Terminated,Sales,Sales Operations Manager,L4,"Toronto, ON",Hybrid,Full-time,1.0,Female,1983-09-17,42,40-49,114000,4,50,43.7,,SAL-MGR-11,Voluntary - Compensation
E00890,2025-06-11,,Active,Legal & Compliance,Senior Compliance Analyst,L3,"Toronto, ON",Remote,Full-time,1.0,Female,1987-04-11,39,30-39,93000,3,89,21.9,,LEG-MGR-07,
E00891,2021-06-27,,Active,Engineering,Senior Data Analyst,L3,"Vancouver, BC",Remote,Full-time,1.0,Male,1976-03-15,50,50-59,110500,2,88,18.6,2023-03-04,ENG-MGR-10,
E00892,2024-01-26,,Active,Engineering,Data Analyst,L1,"Ottawa, ON",Remote,Full-time,1.0,Female,1998-03-22,28,<30,50500,2,74,32.8,,ENG-MGR-06,
E00893,2026-01-22,2026-06-06,Terminated,Sales,Account Executive,L2,"Montreal, QC",On-site,Full-time,1.0,Male,1982-12-04,43,40-49,70000,4,76,5.1,,SAL-MGR-06,Voluntary - Compensation
E00894,2026-06-16,,Active,Sales,Account Executive,L2,"Ottawa, ON",Hybrid,Full-time,1.0,Female,1985-02-18,41,40-49,77000,3,61,43.8,,SAL-MGR-04,
E00895,2021-08-30,,Active,Engineering,Data Analyst,L2,"Montreal, QC",Hybrid,Full-time,1.0,Male,1993-12-16,32,30-39,66000,5,88,25.7,,ENG-MGR-02,
E00896,2026-01-01,,Active,Engineering,Senior Software Developer,L3,"Toronto, ON",On-site,Full-time,1.0,Male,1986-07-16,40,40-49,113500,3,72,10.2,,ENG-MGR-09,
E00897,2025-06-27,,Active,Marketing,Marketing Manager,L4,Remote - Canada,Remote,Full-time,1.0,Male,1988-08-02,37,30-39,119500,3,75,29.8,,MAR-MGR-04,
E00898,2024-08-14,2026-03-17,Terminated,Legal & Compliance,Compliance Analyst,L2,"Ottawa, ON",Hybrid,Full-time,1.0,Male,1986-03-17,40,40-49,75500,3,80,14.4,,LEG-MGR-02,Voluntary - Career Opportunity
E00899,2024-03-10,,Active,Sales,Sales Operations Manager,L4,"Toronto, ON",Hybrid,Full-time,1.0,Female,1984-10-12,41,40-49,134500,1,96,32.4,,SAL-MGR-03,
E00900,2025-06-21,,Active,Engineering,Data Analyst,L1,"Ottawa, ON",Remote,Full-time,1.0,Male,1982-07-21,44,40-49,60000,2,52,38.8,,ENG-MGR-06,
E00901,2025-06-24,,Active,Marketing,Marketing Specialist,L2,"Montreal, QC",Hybrid,Full-time,1.0,Female,1985-02-09,41,40-49,61500,5,85,38.8,,MAR-MGR-07,
E00902,2025-01-19,,Active,Operations,Operations Manager,L4,"Toronto, ON",Hybrid,Full-time,1.0,Female,1981-11-28,44,40-49,108500,3,64,34.4,,OPE-MGR-09,
E00903,2023-05-19,,Active,Sales,Account Executive,L2,"Ottawa, ON",Remote,Full-time,1.0,Female,1984-02-15,42,40-49,78000,5,90,21.5,,SAL-MGR-09,
E00904,2022-09-06,,Active,Engineering,Data Analyst,L1,"Toronto, ON",Hybrid,Full-time,1.0,Male,1997-03-06,29,<30,54500,4,89,27.7,2026-04-07,ENG-MGR-08,
E00905,2024-05-17,,Active,Engineering,Engineering Manager,L4,"Vancouver, BC",Remote,Full-time,1.0,Male,1984-05-17,42,40-49,136500,3,65,34.5,,ENG-MGR-05,
E00906,2026-04-27,,Active,Engineering,Software Developer,L2,"Toronto, ON",Remote,Full-time,1.0,Female,1985-10-05,40,40-49,74500,2,80,16.9,,ENG-MGR-10,
E00907,2026-06-01,,Active,Engineering,Junior Software Developer,L1,"Vancouver, BC",Hybrid,Full-time,1.0,Female,1996-09-12,29,<30,55500,3,90,9.9,,ENG-MGR-04,
E00908,2020-03-08,2026-02-06,Terminated,Customer Success,Customer Success Coordinator,L1,"Ottawa, ON",Remote,Full-time,1.0,Male,1992-10-03,33,30-39,51500,4,77,37.7,,CUS-MGR-10,Voluntary - Career Opportunity
E00909,2024-09-12,2026-06-09,Terminated,Human Resources,People Analytics Specialist,L3,"Ottawa, ON",On-site,Full-time,1.0,Female,1993-11-24,32,30-39,85000,4,90,8.4,,HUM-MGR-06,Voluntary - Work-Life Balance
E00910,2021-03-27,,Active,Sales,Sales Development Representative,L1,"Vancouver, BC",Hybrid,Full-time,1.0,Female,1997-01-26,29,<30,55000,3,77,15.0,,SAL-MGR-11,
E00911,2022-08-03,,Active,Marketing,Senior Marketing Analyst,L3,"Montreal, QC",Hybrid,Full-time,1.0,Male,1985-02-05,41,40-49,73500,4,75,22.3,,MAR-MGR-06,
E00912,2020-01-24,,Active,Operations,Operations Specialist,L2,"Toronto, ON",Remote,Full-time,1.0,Male,1984-03-26,42,40-49,69500,5,67,31.8,,OPE-MGR-10,
E00913,2021-12-31,,Active,Engineering,Senior Software Developer,L3,"Toronto, ON",Hybrid,Full-time,1.0,Prefer not to say,1979-11-05,46,40-49,97500,4,68,10.5,,ENG-MGR-08,
E00914,2026-04-29,,Active,Operations,Operations Manager,L4,"Vancouver, BC",Remote,Full-time,1.0,Female,1990-05-26,36,30-39,104500,4,78,54.6,,OPE-MGR-02,
E00915,2024-11-16,,Active,Human Resources,HR Analyst,L2,"Toronto, ON",Remote,Full-time,1.0,Female,1990-12-08,35,30-39,74000,3,65,47.8,,HUM-MGR-02,
E00916,2018-01-13,2026-07-23,Terminated,Engineering,Senior Data Analyst,L3,"Toronto, ON",Hybrid,Full-time,1.0,Female,1982-02-27,44,40-49,96500,4,63,28.4,2025-10-24,ENG-MGR-01,Retirement
E00917,2023-09-28,,Active,Sales,Sales Development Representative,L1,"Toronto, ON",Hybrid,Full-time,1.0,Female,1997-01-20,29,<30,57500,4,77,42.7,,SAL-MGR-09,
E00918,2023-03-31,,Active,Customer Success,Customer Success Coordinator,L1,Remote - Canada,Remote,Full-time,1.0,Male,1999-08-12,26,<30,47000,2,75,13.2,,CUS-MGR-04,
E00919,2021-11-20,,Active,Sales,Senior Sales Operations Analyst,L3,"Vancouver, BC",Remote,Full-time,1.0,Prefer not to say,1982-09-18,43,40-49,103500,3,89,20.3,,SAL-MGR-04,
E00920,2019-06-20,,Active,Engineering,Software Developer,L2,"Ottawa, ON",Hybrid,Full-time,1.0,Male,1991-11-28,34,30-39,80500,4,92,29.6,2025-08-12,ENG-MGR-08,
E00921,2021-10-02,2025-03-15,Terminated,Legal & Compliance,Senior Compliance Analyst,L3,"Toronto, ON",On-site,Full-time,1.0,Male,1986-03-22,40,40-49,89500,3,90,25.2,,LEG-MGR-04,Voluntary - Career Opportunity
E00922,2019-03-17,,Active,Engineering,Senior Data Analyst,L3,"Toronto, ON",Remote,Full-time,1.0,Female,1977-09-12,48,40-49,104500,3,78,43.7,,ENG-MGR-10,
E00923,2025-09-08,,Active,Operations,Senior Operations Specialist,L3,"Montreal, QC",On-site,Full-time,1.0,Female,1990-08-09,35,30-39,81500,3,74,35.3,,OPE-MGR-12,
E00924,2026-06-14,,Active,Legal & Compliance,Compliance Analyst,L2,"Montreal, QC",Hybrid,Full-time,1.0,Male,1994-08-08,31,30-39,62000,3,72,31.9,,LEG-MGR-03,
E00925,2018-12-21,2026-07-20,Terminated,Finance,Financial Analyst,L2,"Toronto, ON",Remote,Full-time,1.0,Female,1984-12-06,41,40-49,69500,2,74,21.0,,FIN-MGR-06,Voluntary - Career Opportunity
E00926,2026-03-08,,Active,Engineering,Senior Software Developer,L3,"Toronto, ON",Hybrid,Full-time,1.0,Female,1990-06-18,36,30-39,99500,3,79,30.6,,ENG-MGR-07,
E00927,2025-07-02,,Active,Engineering,Data Analyst,L2,"Toronto, ON",Remote,Full-time,1.0,Female,1995-06-13,31,30-39,78000,3,88,9.7,,ENG-MGR-12,
E00928,2019-09-21,,Active,Engineering,Senior Software Developer,L3,"Vancouver, BC",Hybrid,Part-time,0.6,Female,1975-12-25,50,50-59,56000,3,81,32.6,2020-11-16,ENG-MGR-12,
E00929,2023-11-05,,Active,Legal & Compliance,Compliance Analyst,L2,"Montreal, QC",Hybrid,Full-time,1.0,Male,1988-02-12,38,30-39,71500,3,63,18.1,,LEG-MGR-07,
E00930,2021-12-19,,Active,Operations,Operations Specialist,L2,"Toronto, ON",Remote,Full-time,1.0,Male,1994-10-27,31,30-39,65500,3,79,14.0,,OPE-MGR-03,
E00931,2021-03-08,,Active,Marketing,"Director, Marketing",L5,"Vancouver, BC",Hybrid,Full-time,1.0,Female,1975-09-22,50,50-59,140000,4,83,32.6,,MAR-MGR-07,
E00932,2026-04-24,,Active,Finance,Finance Manager,L4,"Toronto, ON",Remote,Full-time,1.0,Female,1988-03-08,38,30-39,130000,3,70,5.4,,FIN-MGR-08,
E00933,2024-09-05,,Active,Marketing,Senior Marketing Specialist,L3,"Toronto, ON",On-site,Full-time,1.0,Female,1989-12-13,36,30-39,81500,2,78,42.5,,MAR-MGR-03,
E00934,2023-02-13,,Active,Human Resources,HR Analyst,L2,Remote - Canada,Remote,Full-time,1.0,Male,1987-08-21,38,30-39,70500,3,75,28.0,,HUM-MGR-04,
E00935,2023-08-20,,Active,Engineering,Senior Engineering Manager,L5,"Vancouver, BC",Hybrid,Full-time,1.0,Female,1976-01-06,50,50-59,197500,3,75,33.3,,ENG-MGR-04,
E00936,2021-12-04,,Active,Customer Success,Customer Success Coordinator,L1,"Calgary, AB",Remote,Full-time,1.0,Female,1988-04-28,38,30-39,48500,4,76,29.6,2026-02-23,CUS-MGR-01,
E00937,2022-09-05,,Active,Engineering,Engineering Manager,L4,"Montreal, QC",Hybrid,Full-time,1.0,Male,1987-12-25,38,30-39,114000,3,78,30.4,,ENG-MGR-08,
E00938,2026-01-28,,Active,Human Resources,Senior HR Analyst,L3,"Toronto, ON",Hybrid,Full-time,1.0,Male,1990-07-25,36,30-39,82500,3,77,24.1,,HUM-MGR-08,
E00939,2025-05-17,2026-03-16,Terminated,Legal & Compliance,Compliance Coordinator,L1,"Toronto, ON",Remote,Full-time,1.0,Male,1990-12-27,35,30-39,54000,3,82,24.4,,LEG-MGR-10,Voluntary - Relocation
E00940,2021-01-09,,Active,Human Resources,People Analytics Manager,L4,"Montreal, QC",On-site,Full-time,1.0,Female,1976-12-26,49,40-49,116500,3,61,13.9,,HUM-MGR-08,
E00941,2022-07-31,2024-05-05,Terminated,Engineering,Junior Software Developer,L1,"Toronto, ON",Remote,Full-time,1.0,Male,1994-12-14,31,30-39,63500,3,68,23.6,,ENG-MGR-10,Voluntary - Compensation
E00942,2025-06-01,,Active,Sales,Senior Account Executive,L3,"Vancouver, BC",On-site,Full-time,1.0,Male,1996-09-11,29,<30,95000,3,69,33.1,,SAL-MGR-05,
E00943,2024-05-30,,Active,Operations,Operations Coordinator,L1,"Montreal, QC",Remote,Full-time,1.0,Male,1996-12-20,29,<30,43500,4,82,37.8,,OPE-MGR-10,
E00944,2025-07-29,2026-03-04,Terminated,Sales,Account Executive,L2,"Calgary, AB",Remote,Full-time,1.0,Non-binary,1992-10-09,33,30-39,65500,2,76,18.3,,SAL-MGR-09,Retirement
E00945,2025-04-06,,Active,Operations,Senior Operations Specialist,L3,"Calgary, AB",Remote,Full-time,1.0,Male,1977-12-11,48,40-49,82500,3,71,26.2,,OPE-MGR-09,
E00946,2021-01-04,,Active,Engineering,Junior Software Developer,L1,"Vancouver, BC",Hybrid,Full-time,1.0,Male,1989-05-15,37,30-39,54500,2,75,19.3,,ENG-MGR-02,
E00947,2024-04-06,,Active,Human Resources,People Analytics Specialist,L3,"Vancouver, BC",Hybrid,Full-time,1.0,Female,1984-08-20,41,40-49,90500,3,69,35.8,,HUM-MGR-04,
E00948,2018-01-02,,Active,Customer Success,Customer Success Specialist,L2,"Montreal, QC",Remote,Full-time,1.0,Male,1982-01-07,44,40-49,68500,3,72,9.1,,CUS-MGR-03,
E00949,2019-12-27,,Active,Sales,Account Executive,L2,"Montreal, QC",Hybrid,Full-time,1.0,Female,1987-04-28,39,30-39,75500,4,83,30.9,2021-06-23,SAL-MGR-07,
E00950,2020-01-13,,Active,Sales,Sales Development Representative,L1,"Toronto, ON",Hybrid,Full-time,1.0,Female,1990-08-21,35,30-39,59500,2,93,0,,SAL-MGR-06,
E00951,2019-11-27,,Active,Operations,Senior Operations Specialist,L3,"Toronto, ON",On-site,Part-time,0.6,Female,1977-07-21,49,40-49,53500,5,72,22.2,2022-03-31,OPE-MGR-02,
E00952,2026-03-16,,Active,Operations,Senior Operations Specialist,L3,"Toronto, ON",Hybrid,Full-time,1.0,Female,1991-08-20,34,30-39,85500,4,76,27.9,,OPE-MGR-01,
E00953,2022-01-27,,Active,Finance,Senior Financial Analyst,L3,"Montreal, QC",On-site,Full-time,1.0,Male,1984-09-03,41,40-49,96000,3,78,6.2,,FIN-MGR-04,
E00954,2023-07-21,,Active,Engineering,"Director, Engineering",L5,"Montreal, QC",Remote,Full-time,1.0,Female,1981-07-14,45,40-49,183000,2,74,4.9,2025-04-23,ENG-MGR-02,
E00955,2021-12-19,,Active,Customer Success,Customer Success Manager,L4,"Ottawa, ON",Remote,Full-time,1.0,Female,1982-05-22,44,40-49,117000,3,73,26.5,,CUS-MGR-01,
E00956,2019-02-18,,Active,Finance,Finance Coordinator,L1,"Toronto, ON",Hybrid,Full-time,1.0,Female,1987-04-25,39,30-39,52500,4,77,20.1,,FIN-MGR-12,
E00957,2025-03-10,,Active,Customer Success,Senior Customer Success Manager,L3,"Toronto, ON",Remote,Full-time,1.0,Male,1994-08-04,31,30-39,82500,5,76,17.6,,CUS-MGR-02,
E00958,2026-01-12,,Active,Customer Success,Customer Success Specialist,L2,"Vancouver, BC",On-site,Full-time,1.0,Male,1991-02-27,35,30-39,65500,3,60,36.7,,CUS-MGR-10,
E00959,2021-01-19,,Active,Engineering,Analytics Lead,L4,"Ottawa, ON",Hybrid,Full-time,1.0,Female,1986-11-15,39,30-39,125000,4,64,46.0,2023-02-24,ENG-MGR-09,
E00960,2022-07-24,,Active,Legal & Compliance,Compliance Analyst,L2,"Calgary, AB",Hybrid,Full-time,1.0,Male,1992-06-24,34,30-39,74500,4,73,21.7,,LEG-MGR-12,
E00961,2022-06-25,,Active,Engineering,Senior Software Developer,L3,"Montreal, QC",Remote,Full-time,1.0,Female,1983-12-19,42,40-49,105500,3,73,36.5,,ENG-MGR-07,
E00962,2022-08-25,2026-06-17,Terminated,Engineering,Data Analyst,L2,"Vancouver, BC",Remote,Full-time,1.0,Female,1983-07-18,43,40-49,81500,4,93,30.3,2024-01-10,ENG-MGR-01,Voluntary - Career Opportunity
E00963,2023-09-29,,Active,Sales,"Director, Sales",L5,"Ottawa, ON",Remote,Full-time,1.0,Male,1977-06-07,49,40-49,165500,3,75,18.9,,SAL-MGR-04,
E00964,2026-03-05,,Active,Operations,Operations Manager,L4,"Toronto, ON",On-site,Full-time,1.0,Female,1981-11-06,44,40-49,124000,3,86,24.5,,OPE-MGR-05,
E00965,2025-02-19,,Active,Customer Success,Customer Success Coordinator,L1,"Montreal, QC",On-site,Full-time,1.0,Female,1994-07-06,32,30-39,47500,3,72,24.3,,CUS-MGR-09,
E00966,2023-12-27,,Active,Sales,"Director, Sales",L5,"Vancouver, BC",Remote,Full-time,1.0,Male,1977-10-12,48,40-49,158500,4,74,19.1,,SAL-MGR-05,
E00967,2024-03-30,2025-03-17,Terminated,Sales,Account Executive,L2,"Toronto, ON",Remote,Full-time,1.0,Male,1990-02-10,36,30-39,64000,4,83,16.6,,SAL-MGR-10,Voluntary - Compensation
E00968,2026-04-12,,Active,Engineering,Data Engineer,L3,"Ottawa, ON",Hybrid,Part-time,0.6,Male,1992-04-06,34,30-39,57000,5,89,37.6,,ENG-MGR-05,
E00969,2023-11-05,,Active,Finance,Senior Financial Analyst,L3,"Vancouver, BC",Remote,Full-time,1.0,Prefer not to say,1983-04-20,43,40-49,96000,4,91,15.2,,FIN-MGR-02,
E00970,2022-11-09,,Active,Engineering,Software Developer,L2,"Toronto, ON",Remote,Full-time,1.0,Male,1995-01-01,31,30-39,88000,5,79,46.7,,ENG-MGR-03,
E00971,2018-12-04,,Active,Legal & Compliance,Compliance Analyst,L2,"Vancouver, BC",Hybrid,Full-time,1.0,Female,1980-02-27,46,40-49,73000,3,73,17.2,,LEG-MGR-09,
E00972,2023-06-03,,Active,Human Resources,Talent Acquisition Specialist,L2,Remote - Canada,Remote,Full-time,1.0,Female,1997-04-06,29,<30,70500,2,81,26.0,2026-02-14,HUM-MGR-04,
E00973,2026-05-13,,Active,Sales,Senior Account Executive,L3,"Toronto, ON",Hybrid,Full-time,1.0,Female,1978-07-07,48,40-49,106000,3,73,18.7,,SAL-MGR-07,
E00974,2025-02-17,,Active,Legal & Compliance,Senior Compliance Analyst,L3,"Toronto, ON",Remote,Full-time,1.0,Female,1980-05-09,46,40-49,110500,2,73,30.0,,LEG-MGR-11,
E00975,2020-09-08,,Active,Finance,Senior Financial Analyst,L3,"Vancouver, BC",On-site,Full-time,1.0,Prefer not to say,1991-12-04,34,30-39,83500,2,89,38.2,2023-05-22,FIN-MGR-02,
E00976,2024-09-04,,Active,Sales,Sales Manager,L4,"Toronto, ON",Remote,Full-time,1.0,Male,1986-11-02,39,30-39,124000,4,87,33.0,,SAL-MGR-02,
E00977,2018-11-02,2025-01-01,Terminated,Sales,Senior Account Executive,L3,"Ottawa, ON",Remote,Full-time,1.0,Female,1987-02-25,39,30-39,90000,1,83,31.8,,SAL-MGR-10,Involuntary - Restructuring
E00978,2024-03-10,,Active,Engineering,Data Analyst,L2,Remote - Canada,Remote,Contract,1.0,Female,1983-11-13,42,40-49,64500,4,76,28.4,,ENG-MGR-05,
E00979,2023-11-11,,Active,Marketing,Marketing Analyst,L2,Remote - Canada,Remote,Full-time,1.0,Male,1990-12-19,35,30-39,62500,3,91,12.6,,MAR-MGR-04,
E00980,2023-02-18,,Active,Engineering,Engineering Manager,L4,"Toronto, ON",Hybrid,Full-time,1.0,Female,1982-11-07,43,40-49,144500,3,78,24.2,,ENG-MGR-11,
E00981,2021-10-19,,Active,Legal & Compliance,Compliance Analyst,L2,"Toronto, ON",Hybrid,Full-time,1.0,Male,1989-08-12,36,30-39,80500,3,83,31.7,,LEG-MGR-06,
E00982,2024-06-29,,Active,Engineering,Data Analyst,L2,"Toronto, ON",Hybrid,Full-time,1.0,Female,1988-08-08,37,30-39,79500,3,70,46.0,,ENG-MGR-09,
E00983,2026-07-10,,Active,Human Resources,Talent Acquisition Specialist,L2,"Vancouver, BC",Hybrid,Part-time,0.6,Male,1998-08-21,27,<30,45500,5,96,29.2,,HUM-MGR-11,
E00984,2024-10-28,,Active,Operations,Senior Operations Analyst,L3,"Vancouver, BC",Hybrid,Full-time,1.0,Female,1988-12-17,37,30-39,91500,4,70,25.9,2026-06-11,OPE-MGR-06,
E00985,2024-11-03,,Active,Operations,Operations Coordinator,L1,Remote - Canada,Remote,Full-time,1.0,Female,1992-07-16,34,30-39,48500,3,72,22.7,,OPE-MGR-09,
E00986,2024-04-25,,Active,Customer Success,Senior Customer Success Manager,L3,"Montreal, QC",On-site,Full-time,1.0,Male,1983-07-20,43,40-49,77000,4,70,31.6,,CUS-MGR-06,
E00987,2018-04-30,,Active,Engineering,Senior Data Analyst,L3,"Montreal, QC",Hybrid,Full-time,1.0,Male,1977-08-12,48,40-49,88000,4,89,28.2,2025-05-30,ENG-MGR-12,
E00988,2026-07-01,,Active,Sales,Account Executive,L2,"Montreal, QC",Remote,Full-time,1.0,Female,1994-02-22,32,30-39,75000,2,86,34.3,,SAL-MGR-09,
E00989,2025-12-18,,Active,Legal & Compliance,Compliance Coordinator,L1,"Toronto, ON",Hybrid,Full-time,1.0,Female,1992-04-06,34,30-39,51500,2,85,17.7,,LEG-MGR-09,
E00990,2024-01-09,,Active,Customer Success,Customer Success Coordinator,L1,"Toronto, ON",Remote,Full-time,1.0,Female,1985-02-07,41,40-49,52500,3,73,10.1,2025-12-15,CUS-MGR-03,
E00991,2023-01-06,,Active,Human Resources,HR Analyst,L2,"Calgary, AB",Remote,Full-time,1.0,Male,1972-06-27,54,50-59,62500,3,78,21.7,,HUM-MGR-12,
E00992,2025-04-06,,Active,Operations,Operations Coordinator,L1,"Ottawa, ON",Hybrid,Full-time,1.0,Male,2001-12-18,24,<30,46500,5,56,11.7,,OPE-MGR-07,
E00993,2025-05-22,,Active,Finance,Finance Manager,L4,"Montreal, QC",Remote,Full-time,1.0,Male,1984-12-10,41,40-49,113000,3,63,13.0,,FIN-MGR-04,
E00994,2022-03-12,,Active,Engineering,Data Analyst,L1,"Vancouver, BC",Hybrid,Full-time,1.0,Male,1988-01-21,38,30-39,57000,3,90,20.3,2026-06-17,ENG-MGR-07,
E00995,2018-07-19,2024-11-02,Terminated,Marketing,Marketing Coordinator,L1,"Vancouver, BC",Hybrid,Full-time,1.0,Female,1980-04-28,46,40-49,55000,3,70,23.5,2023-02-18,MAR-MGR-03,Voluntary - Career Opportunity
E00996,2020-04-14,,Active,Sales,"Director, Sales",L5,"Toronto, ON",Hybrid,Full-time,1.0,Male,1976-05-08,50,50-59,178000,3,68,33.3,,SAL-MGR-01,
E00997,2020-09-02,,Active,Operations,"Director, Operations",L5,"Vancouver, BC",Hybrid,Full-time,1.0,Male,1975-09-05,50,50-59,142500,3,76,44.6,,OPE-MGR-07,
E00998,2023-11-20,2024-09-24,Terminated,Operations,Senior Operations Analyst,L3,"Vancouver, BC",Hybrid,Full-time,1.0,Male,1982-01-23,44,40-49,94500,3,81,24.8,,OPE-MGR-10,Involuntary - Performance
E00999,2023-08-03,,Active,Engineering,Senior Engineering Manager,L5,"Toronto, ON",Remote,Full-time,1.0,Female,1978-08-14,47,40-49,167000,3,66,27.3,,ENG-MGR-09,
E01000,2020-11-11,,Active,Engineering,Software Developer,L2,"Montreal, QC",Hybrid,Full-time,1.0,Male,1975-08-01,50,50-59,67000,3,69,16.5,,ENG-MGR-02,
